,,,ICP Short Report (lines),,,,,,
,,,,,,,,,
,,,,,,,,,
,,,,,,,,,
Sample:,QC 350 PPM,Method:,150309,Measured:,10.03.2015  18:52,,,,
,,,,,,,,,
LineName,,Net_Intensity,Cc,SD,RSD,,,,
Ca 315.887,,"208,401.988 ",,,332.779 ,4.99 ,,mg/l,1.50 
Mg 279.806,,"239,666.451 ",,,336.064 ,4.20 ,,mg/l,1.25 
Na 589.592,,"1,334,510.690 ",,,341.064 ,2.59 ,,mg/l,0.76 
,,,,,,,,,
,,,,,,,,,
Sample:,QC 10 PPM,Method:,150309,Measured:,10.03.2015  18:50,,,,
,,,,,,,,,
LineName,,Net_Intensity,Cc,SD,RSD,,,,
Al 396.152,,"1,226,220.526 ",,,10.540 ,0.03 ,,mg/l,0.33 
Ca 315.887,,"6,169.789 ",,,9.317 ,0.86 ,,mg/l,9.22 
Fe 259.940,,"327,191.198 ",,,9.762 ,0.22 ,,mg/l,2.26 
K 766.490,,"16,635.307 ",,,9.236 ,0.02 ,,mg/l,0.24 
Mg 279.806,,"8,434.668 ",,,10.091 ,0.19 ,,mg/l,1.92 
Mn 257.610,,"524,253.620 ",,,9.701 ,0.09 ,,mg/l,0.97 
Na 589.592,,"113,547.573 ",,,10.040 ,0.29 ,,mg/l,2.85 
,,,,,,,,,
,,,,,,,,,
Sample:,QC 1 PPM,Method:,150309,Measured:,10.03.2015  18:47,,,,
,,,,,,,,,
LineName,,Net_Intensity,Cc,SD,RSD,,,,
Al 396.152,,"138,833.393 ",,,1.177 ,0.02 ,,mg/l,1.42 
Fe 259.940,,"34,479.406 ",,,0.982 ,0.01 ,,mg/l,1.51 
Mn 257.610,,"54,130.752 ",,,0.972 ,0.02 ,,mg/l,2.10 
,,,,,,,,,
,,,,,,,,,
Sample:,MPS-S22,Method:,150309,Measured:,10.03.2015  18:45,,,,
,,,,,,,,,
LineName,,Net_Intensity,Cc,SD,RSD,,,,
Al 396.152,,"8,196.668 ",,,0.052 ,0.00 ,,mg/l,5.68 
Ca 315.887,,"20,690.355 ",,,32.047 ,1.32 ,,mg/l,4.12 
Fe 259.940,,"3,894.196 ",,,0.064 ,0.00 ,,mg/l,3.32 
K 766.490,,"9,455.388 ",,,2.867 ,0.14 ,,mg/l,5.06 
Mg 279.806,,"14,261.479 ",,,18.305 ,0.19 ,,mg/l,1.02 
Mn 257.610,,425.142 ,,,-0.005,0.00 ,X,mg/l,12.30 
Na 589.592,,"1,179,303.903 ",,,298.984 ,6.11 ,,mg/l,2.04 
Si 251.611,,"62,892.387 ",,,4.640 ,0.13 ,,mg/l,2.89 
,,,,,,,,,
,,,,,,,,,
Sample:,MPS-S21,Method:,150309,Measured:,10.03.2015  18:41,,,,
,,,,,,,,,
LineName,,Net_Intensity,Cc,SD,RSD,,,,
Al 396.152,,"3,848.337 ",,,0.015 ,0.00 ,,mg/l,24.15 
Ca 315.887,,"22,652.246 ",,,35.124 ,0.68 ,,mg/l,1.95 
Fe 259.940,,"2,011.263 ",,,0.008 ,0.00 ,,mg/l,13.20 
K 766.490,,"9,566.979 ",,,2.966 ,0.11 ,,mg/l,3.85 
Mg 279.806,,"14,505.449 ",,,18.649 ,0.31 ,,mg/l,1.64 
Mn 257.610,,399.970 ,,,-0.006,0.00 ,X,mg/l,6.40 
Na 589.592,,"1,197,541.236 ",,,303.929 ,2.91 ,,mg/l,0.96 
Si 251.611,,"62,876.591 ",,,4.638 ,0.11 ,,mg/l,2.46 
,,,,,,,,,
,,,,,,,,,
Sample:,MPS-S20,Method:,150309,Measured:,10.03.2015  18:38,,,,
,,,,,,,,,
LineName,,Net_Intensity,Cc,SD,RSD,,,,
Al 396.152,,"4,912.844 ",,,0.024 ,0.01 ,,mg/l,30.26 
Ca 315.887,,"23,164.453 ",,,35.927 ,0.77 ,,mg/l,2.15 
Fe 259.940,,"1,912.342 ",,,0.005 ,0.00 ,,mg/l,91.09 
K 766.490,,"9,307.910 ",,,2.736 ,0.19 ,,mg/l,7.12 
Mg 279.806,,"13,967.377 ",,,17.890 ,0.33 ,,mg/l,1.87 
Mn 257.610,,497.560 ,,,-0.004,0.00 ,X,mg/l,2.83 
Na 589.592,,"1,158,247.789 ",,,293.276 ,2.37 ,,mg/l,0.81 
Si 251.611,,"67,053.999 ",,,4.995 ,0.10 ,,mg/l,2.09 
,,,,,,,,,
,,,,,,,,,
Sample:,MPS-S19,Method:,150309,Measured:,10.03.2015  18:34,,,,
,,,,,,,,,
LineName,,Net_Intensity,Cc,SD,RSD,,,,
Al 396.152,,"6,187.392 ",,,0.035 ,0.00 ,,mg/l,10.06 
Ca 315.887,,"23,133.340 ",,,35.878 ,2.58 ,,mg/l,7.19 
Fe 259.940,,"2,761.885 ",,,0.031 ,0.00 ,,mg/l,14.11 
K 766.490,,"9,567.064 ",,,2.966 ,0.09 ,,mg/l,3.13 
Mg 279.806,,"14,279.238 ",,,18.330 ,1.00 ,,mg/l,5.44 
Mn 257.610,,654.954 ,,,-0.001,0.00 ,X,mg/l,49.86 
Na 589.592,,"1,169,869.289 ",,,296.427 ,5.55 ,,mg/l,1.87 
Si 251.611,,"59,097.885 ",,,4.316 ,0.05 ,,mg/l,1.21 
,,,,,,,,,
,,,,,,,,,
Sample:,MPS-S18,Method:,150309,Measured:,10.03.2015  18:31,,,,
,,,,,,,,,
LineName,,Net_Intensity,Cc,SD,RSD,,,,
Al 396.152,,"6,364.371 ",,,0.037 ,0.01 ,,mg/l,15.41 
Ca 315.887,,"22,028.033 ",,,34.145 ,0.66 ,,mg/l,1.94 
Fe 259.940,,"2,320.784 ",,,0.017 ,0.00 ,,mg/l,24.78 
K 766.490,,"10,089.738 ",,,3.430 ,0.04 ,,mg/l,1.16 
Mg 279.806,,"14,844.427 ",,,19.127 ,0.40 ,,mg/l,2.09 
Mn 257.610,,497.221 ,,,-0.004,0.00 ,X,mg/l,4.44 
Na 589.592,,"1,182,172.489 ",,,299.762 ,6.20 ,,mg/l,2.07 
Si 251.611,,"59,892.061 ",,,4.384 ,0.07 ,,mg/l,1.69 
,,,,,,,,,
,,,,,,,,,
Sample:,MPS-S15,Method:,150309,Measured:,10.03.2015  18:27,,,,
,,,,,,,,,
LineName,,Net_Intensity,Cc,SD,RSD,,,,
Al 396.152,,"3,064.234 ",,,0.008 ,0.00 ,,mg/l,21.31 
Ca 315.887,,"7,314.244 ",,,11.106 ,1.51 ,,mg/l,13.58 
Fe 259.940,,"2,365.044 ",,,0.019 ,0.00 ,,mg/l,6.92 
K 766.490,,"8,897.002 ",,,2.372 ,0.05 ,,mg/l,1.95 
Mg 279.806,,"7,337.035 ",,,8.543 ,0.20 ,,mg/l,2.32 
Mn 257.610,,694.879 ,,,-0.000,0.00 ,X,mg/l,364.79 
Na 589.592,,"114,548.814 ",,,10.312 ,0.09 ,,mg/l,0.89 
Si 251.611,,"57,640.577 ",,,4.191 ,0.21 ,,mg/l,4.90 
,,,,,,,,,
,,,,,,,,,
Sample:,MPS-S11,Method:,150309,Measured:,10.03.2015  18:24,,,,
,,,,,,,,,
LineName,,Net_Intensity,Cc,SD,RSD,,,,
Al 396.152,,"3,107.693 ",,,0.009 ,0.01 ,,mg/l,90.33 
Ca 315.887,,"7,406.871 ",,,11.251 ,0.44 ,,mg/l,3.89 
Fe 259.940,,"2,346.484 ",,,0.018 ,0.00 ,,mg/l,15.43 
K 766.490,,"9,030.552 ",,,2.490 ,0.06 ,,mg/l,2.48 
Mg 279.806,,"7,412.099 ",,,8.649 ,0.23 ,,mg/l,2.64 
Mn 257.610,,623.171 ,,,-0.001,0.00 ,X,mg/l,55.36 
Na 589.592,,"116,101.826 ",,,10.733 ,0.27 ,,mg/l,2.54 
Si 251.611,,"59,742.034 ",,,4.371 ,0.05 ,,mg/l,1.10 
,,,,,,,,,
,,,,,,,,,
Sample:,MPS-S10,Method:,150309,Measured:,10.03.2015  18:20,,,,
,,,,,,,,,
LineName,,Net_Intensity,Cc,SD,RSD,,,,
Al 396.152,,"1,265.908 ",,,-0.007,0.01 ,X,mg/l,129.31 
Ca 315.887,,"7,219.639 ",,,10.958 ,0.35 ,,mg/l,3.16 
Fe 259.940,,"2,076.604 ",,,0.010 ,0.00 ,,mg/l,37.81 
K 766.490,,"9,054.417 ",,,2.511 ,0.13 ,,mg/l,5.35 
Mg 279.806,,"7,423.395 ",,,8.665 ,0.24 ,,mg/l,2.77 
Mn 257.610,,648.582 ,,,-0.001,0.00 ,X,mg/l,41.48 
Na 589.592,,"124,751.011 ",,,13.078 ,0.52 ,,mg/l,4.00 
Si 251.611,,"59,484.699 ",,,4.349 ,0.07 ,,mg/l,1.59 
,,,,,,,,,
,,,,,,,,,
Sample:,MPS-S9,Method:,150309,Measured:,10.03.2015  18:17,,,,
,,,,,,,,,
LineName,,Net_Intensity,Cc,SD,RSD,,,,
Al 396.152,,"4,148.496 ",,,0.018 ,0.00 ,,mg/l,27.34 
Ca 315.887,,"29,537.080 ",,,45.932 ,2.12 ,,mg/l,4.61 
Fe 259.940,,"2,336.057 ",,,0.018 ,0.00 ,,mg/l,14.00 
K 766.490,,"8,622.511 ",,,2.128 ,0.13 ,,mg/l,6.00 
Mg 279.806,,"19,148.400 ",,,25.194 ,0.12 ,,mg/l,0.47 
Mn 257.610,,491.465 ,,,-0.004,0.00 ,X,mg/l,14.03 
Na 589.592,,"993,857.650 ",,,248.707 ,3.35 ,,mg/l,1.35 
Si 251.611,,"49,026.571 ",,,3.457 ,0.07 ,,mg/l,1.94 
,,,,,,,,,
,,,,,,,,,
Sample:,MPS-S8,Method:,150309,Measured:,10.03.2015  18:13,,,,
,,,,,,,,,
LineName,,Net_Intensity,Cc,SD,RSD,,,,
Al 396.152,,"9,419.883 ",,,0.063 ,0.01 ,,mg/l,9.65 
Ca 315.887,,"22,830.577 ",,,35.403 ,2.02 ,,mg/l,5.72 
Fe 259.940,,"3,019.985 ",,,0.038 ,0.00 ,,mg/l,7.74 
K 766.490,,"9,687.969 ",,,3.073 ,0.21 ,,mg/l,6.76 
Mg 279.806,,"15,134.002 ",,,19.535 ,0.47 ,,mg/l,2.41 
Mn 257.610,,576.532 ,,,-0.002,0.00 ,X,mg/l,30.09 
Na 589.592,,"1,212,038.805 ",,,307.859 ,6.01 ,,mg/l,1.95 
Si 251.611,,"57,364.157 ",,,4.168 ,0.03 ,,mg/l,0.66 
,,,,,,,,,
,,,,,,,,,
Sample:,MPS-S5,Method:,150309,Measured:,10.03.2015  18:10,,,,
,,,,,,,,,
LineName,,Net_Intensity,Cc,SD,RSD,,,,
Al 396.152,,"5,052.460 ",,,0.025 ,0.00 ,,mg/l,7.24 
Ca 315.887,,"50,611.551 ",,,79.125 ,1.89 ,,mg/l,2.39 
Fe 259.940,,"2,222.810 ",,,0.014 ,0.00 ,,mg/l,31.88 
K 766.490,,"9,444.263 ",,,2.857 ,0.11 ,,mg/l,3.95 
Mg 279.806,,"32,279.268 ",,,43.705 ,0.85 ,,mg/l,1.94 
Mn 257.610,,956.246 ,,,0.005 ,0.00 ,,mg/l,28.77 
Na 589.592,,"437,779.399 ",,,97.945 ,3.07 ,,mg/l,3.14 
Si 251.611,,"16,705.589 ",,,0.699 ,0.02 ,,mg/l,2.74 
,,,,,,,,,
,,,,,,,,,
Sample:,MPS-S4,Method:,150309,Measured:,10.03.2015  18:06,,,,
,,,,,,,,,
LineName,,Net_Intensity,Cc,SD,RSD,,,,
Al 396.152,,"5,543.625 ",,,0.030 ,0.01 ,,mg/l,46.06 
Ca 315.887,,"50,752.625 ",,,79.348 ,0.88 ,,mg/l,1.11 
Fe 259.940,,"3,437.849 ",,,0.051 ,0.00 ,,mg/l,7.75 
K 766.490,,"10,836.266 ",,,4.092 ,0.49 ,,mg/l,12.01 
Mg 279.806,,"34,295.523 ",,,46.548 ,0.92 ,,mg/l,1.98 
Mn 257.610,,"2,706.938 ",,,0.036 ,0.01 ,,mg/l,25.69 
Na 589.592,,"437,011.250 ",,,97.737 ,1.48 ,,mg/l,1.52 
Si 251.611,,"14,247.533 ",,,0.489 ,0.05 ,,mg/l,11.01 
,,,,,,,,,
,,,,,,,,,
Sample:,QC 350 PPM,Method:,150309,Measured:,10.03.2015  18:02,,,,
,,,,,,,,,
LineName,,Net_Intensity,Cc,SD,RSD,,,,
Ca 315.887,,"209,949.959 ",,,335.312 ,9.83 ,,mg/l,2.93 
Mg 279.806,,"233,062.448 ",,,326.754 ,5.66 ,,mg/l,1.73 
Na 589.592,,"1,313,666.125 ",,,335.412 ,5.81 ,,mg/l,1.73 
,,,,,,,,,
,,,,,,,,,
Sample:,QC 10 PPM,Method:,150309,Measured:,10.03.2015  18:01,,,,
,,,,,,,,,
LineName,,Net_Intensity,Cc,SD,RSD,,,,
Al 396.152,,"1,232,802.521 ",,,10.597 ,0.30 ,,mg/l,2.86 
Ca 315.887,,"6,332.628 ",,,9.572 ,0.55 ,,mg/l,5.70 
Fe 259.940,,"325,557.097 ",,,9.713 ,0.14 ,,mg/l,1.42 
K 766.490,,"16,425.927 ",,,9.050 ,0.23 ,,mg/l,2.58 
Mg 279.806,,"8,198.598 ",,,9.758 ,0.17 ,,mg/l,1.74 
Mn 257.610,,"508,868.348 ",,,9.410 ,0.27 ,,mg/l,2.89 
Na 589.592,,"111,020.238 ",,,9.355 ,0.17 ,,mg/l,1.85 
,,,,,,,,,
,,,,,,,,,
Sample:,QC 1 PPM,Method:,150309,Measured:,10.03.2015  17:57,,,,
,,,,,,,,,
LineName,,Net_Intensity,Cc,SD,RSD,,,,
Al 396.152,,"137,969.041 ",,,1.170 ,0.01 ,,mg/l,0.83 
Ca 315.887,,"1,014.586 ",,,1.266 ,0.34 ,,mg/l,26.92 
Fe 259.940,,"34,847.809 ",,,0.993 ,0.01 ,,mg/l,0.67 
K 766.490,,"16,258.580 ",,,8.902 ,0.26 ,,mg/l,2.91 
Mg 279.806,,"2,227.891 ",,,1.341 ,0.10 ,,mg/l,7.49 
Mn 257.610,,"54,228.808 ",,,0.974 ,0.01 ,,mg/l,1.24 
Na 589.592,,"78,022.259 ",,,0.409 ,0.04 ,Q,mg/l,9.62 
,,,,,,,,,
,,,,,,,,,
Sample:,OPL-2,Method:,150309,Measured:,10.03.2015  17:54,,,,
,,,,,,,,,
LineName,,Net_Intensity,Cc,SD,RSD,,,,
Al 396.152,,"1,589.764 ",,,-0.004,0.00 ,X,mg/l,41.41 
Ca 315.887,,"26,455.634 ",,,41.093 ,1.79 ,,mg/l,4.35 
Cu 327.396,,"2,581.509 ",,,-0.017,0.00 ,X,mg/l,17.25 
Fe 259.940,,"2,184.226 ",,,0.013 ,0.00 ,,mg/l,7.57 
K 766.490,,"7,924.728 ",,,1.509 ,0.05 ,,mg/l,3.41 
Mg 279.806,,"18,799.086 ",,,24.702 ,0.25 ,,mg/l,1.00 
Mn 257.610,,"3,069.795 ",,,0.043 ,0.00 ,,mg/l,2.26 
Na 589.592,,"102,537.929 ",,,7.055 ,0.08 ,,mg/l,1.09 
Si 251.611,,"85,286.913 ",,,6.550 ,0.07 ,,mg/l,1.12 
Zn 206.200,,"2,912.887 ",,,0.024 ,0.00 ,,mg/l,1.29 
,,,,,,,,,
,,,,,,,,,
Sample:,OPL-1,Method:,150309,Measured:,10.03.2015  17:50,,,,
,,,,,,,,,
LineName,,Net_Intensity,Cc,SD,RSD,,,,
Al 396.152,,"2,657.098 ",,,0.005 ,0.01 ,,mg/l,152.95 
Ca 315.887,,"26,888.545 ",,,41.772 ,1.93 ,,mg/l,4.63 
Cu 327.396,,"4,736.065 ",,,-0.013,0.00 ,X,mg/l,13.69 
Fe 259.940,,"2,532.859 ",,,0.024 ,0.00 ,,mg/l,18.29 
K 766.490,,"7,970.721 ",,,1.550 ,0.08 ,,mg/l,5.36 
Mg 279.806,,"18,263.730 ",,,23.947 ,0.77 ,,mg/l,3.21 
Mn 257.610,,"3,061.702 ",,,0.043 ,0.00 ,,mg/l,1.51 
Na 589.592,,"102,499.629 ",,,7.045 ,0.14 ,,mg/l,1.92 
Si 251.611,,"85,511.862 ",,,6.569 ,0.15 ,,mg/l,2.33 
Zn 206.200,,"2,635.120 ",,,0.019 ,0.00 ,,mg/l,9.73 
,,,,,,,,,
,,,,,,,,,
Sample:,OBQ-2,Method:,150309,Measured:,10.03.2015  17:46,,,,
,,,,,,,,,
LineName,,Net_Intensity,Cc,SD,RSD,,,,
Al 396.152,,"2,561.722 ",,,0.004 ,0.00 ,,mg/l,25.44 
Ca 315.887,,"21,612.497 ",,,33.493 ,0.26 ,,mg/l,0.76 
Cu 327.396,,"5,547.144 ",,,-0.012,0.00 ,X,mg/l,12.55 
Fe 259.940,,"2,678.807 ",,,0.028 ,0.00 ,,mg/l,13.83 
K 766.490,,"8,918.241 ",,,2.391 ,0.06 ,,mg/l,2.51 
Mg 279.806,,"13,488.425 ",,,17.215 ,0.57 ,,mg/l,3.28 
Mn 257.610,,"2,701.157 ",,,0.036 ,0.00 ,,mg/l,4.33 
Na 589.592,,"93,077.579 ",,,4.491 ,0.14 ,,mg/l,3.17 
Si 251.611,,"60,568.069 ",,,4.441 ,0.04 ,,mg/l,0.96 
Zn 206.200,,"2,807.323 ",,,0.022 ,0.00 ,,mg/l,9.39 
,,,,,,,,,
,,,,,,,,,
Sample:,OPQ-1,Method:,150309,Measured:,10.03.2015  17:41,,,,
,,,,,,,,,
LineName,,Net_Intensity,Cc,SD,RSD,,,,
Al 396.152,,"2,897.116 ",,,0.007 ,0.00 ,,mg/l,50.74 
Ca 315.887,,"20,818.215 ",,,32.247 ,0.88 ,,mg/l,2.74 
Cu 327.396,,"3,372.243 ",,,-0.016,0.00 ,X,mg/l,20.85 
Fe 259.940,,"2,260.531 ",,,0.015 ,0.00 ,,mg/l,16.34 
K 766.490,,"8,955.368 ",,,2.423 ,0.05 ,,mg/l,2.13 
Mg 279.806,,"13,117.467 ",,,16.692 ,0.43 ,,mg/l,2.56 
Mn 257.610,,"2,547.455 ",,,0.033 ,0.00 ,,mg/l,3.42 
Na 589.592,,"91,770.056 ",,,4.136 ,0.08 ,,mg/l,1.84 
Si 251.611,,"56,793.190 ",,,4.119 ,0.01 ,,mg/l,0.25 
Zn 206.200,,"3,207.917 ",,,0.029 ,0.00 ,,mg/l,8.82 
,,,,,,,,,
,,,,,,,,,
Sample:,MPG-4,Method:,150309,Measured:,10.03.2015  17:37,,,,
,,,,,,,,,
LineName,,Net_Intensity,Cc,SD,RSD,,,,
Al 396.152,,"3,185.624 ",,,0.009 ,0.00 ,,mg/l,34.28 
Ca 315.887,,"11,482.271 ",,,17.624 ,1.02 ,,mg/l,5.80 
Fe 259.940,,"3,018.507 ",,,0.038 ,0.00 ,,mg/l,8.76 
K 766.490,,"9,734.550 ",,,3.115 ,0.17 ,,mg/l,5.39 
Mg 279.806,,"9,246.727 ",,,11.236 ,0.18 ,,mg/l,1.64 
Mn 257.610,,"2,146.667 ",,,0.026 ,0.01 ,,mg/l,19.84 
Na 589.592,,"125,937.146 ",,,13.399 ,0.40 ,,mg/l,2.99 
Si 251.611,,"38,523.570 ",,,2.560 ,0.03 ,,mg/l,1.27 
,,,,,,,,,
,,,,,,,,,
Sample:,MPG-3,Method:,150309,Measured:,10.03.2015  17:34,,,,
,,,,,,,,,
LineName,,Net_Intensity,Cc,SD,RSD,,,,
Al 396.152,,"3,886.846 ",,,0.015 ,0.00 ,,mg/l,22.98 
Ca 315.887,,"6,541.878 ",,,9.899 ,1.21 ,,mg/l,12.23 
Fe 259.940,,"3,707.909 ",,,0.059 ,0.00 ,,mg/l,2.44 
K 766.490,,"9,836.302 ",,,3.205 ,0.11 ,,mg/l,3.55 
Mg 279.806,,"6,050.048 ",,,6.729 ,0.21 ,,mg/l,3.10 
Mn 257.610,,"14,265.463 ",,,0.246 ,0.01 ,,mg/l,5.20 
Na 589.592,,"122,423.504 ",,,12.447 ,0.57 ,,mg/l,4.56 
Si 251.611,,"13,302.021 ",,,0.409 ,0.13 ,,mg/l,30.76 
,,,,,,,,,
,,,,,,,,,
Sample:,MPG-2,Method:,150309,Measured:,10.03.2015  17:30,,,,
,,,,,,,,,
LineName,,Net_Intensity,Cc,SD,RSD,,,,
Al 396.152,,"20,262.558 ",,,0.156 ,0.01 ,,mg/l,6.84 
Ca 315.887,,"187,306.682 ",,,298.344 ,7.53 ,,mg/l,2.52 
Fe 259.940,,"17,351.326 ",,,0.468 ,0.01 ,,mg/l,3.14 
K 766.490,,"18,683.471 ",,,11.053 ,0.09 ,,mg/l,0.83 
Mg 279.806,,"103,411.497 ",,,143.982 ,4.56 ,,mg/l,3.17 
Mn 257.610,,"725,044.455 ",,,13.524 ,0.11 ,,mg/l,0.83 
Na 589.592,,"232,991.444 ",,,42.424 ,0.60 ,,mg/l,1.41 
Si 251.611,,"126,901.578 ",,,10.101 ,0.20 ,,mg/l,1.97 
,,,,,,,,,
,,,,,,,,,
Sample:,MPG-1,Method:,150309,Measured:,10.03.2015  17:27,,,,
,,,,,,,,,
LineName,,Net_Intensity,Cc,SD,RSD,,,,
Al 396.152,,"3,332.308 ",,,0.011 ,0.01 ,,mg/l,92.75 
Ca 315.887,,"20,594.441 ",,,31.896 ,1.59 ,,mg/l,5.00 
Fe 259.940,,"2,988.451 ",,,0.037 ,0.01 ,,mg/l,15.20 
K 766.490,,"5,544.468 ",,,-0.602,0.02 ,X,mg/l,3.45 
Mg 279.806,,"13,034.297 ",,,16.575 ,0.37 ,,mg/l,2.24 
Mn 257.610,,930.339 ,,,0.004 ,0.00 ,,mg/l,35.65 
Na 589.592,,"104,668.711 ",,,7.633 ,0.15 ,,mg/l,1.90 
Si 251.611,,"146,053.119 ",,,11.735 ,0.13 ,,mg/l,1.10 
,,,,,,,,,
,,,,,,,,,
Sample:,BOG601,Method:,150309,Measured:,10.03.2015  17:23,,,,
,,,,,,,,,
LineName,,Net_Intensity,Cc,SD,RSD,,,,
Al 396.152,,"6,185.649 ",,,0.035 ,0.01 ,,mg/l,19.97 
Ca 315.887,,"2,476.886 ",,,3.549 ,0.61 ,,mg/l,17.13 
Fe 259.940,,"4,254.151 ",,,0.075 ,0.03 ,,mg/l,33.58 
K 766.490,,"7,786.299 ",,,1.386 ,0.06 ,,mg/l,4.53 
Mg 279.806,,"3,122.409 ",,,2.602 ,0.43 ,,mg/l,16.43 
Mn 257.610,,"3,448.254 ",,,0.050 ,0.01 ,,mg/l,19.10 
Na 589.592,,"85,689.035 ",,,2.487 ,0.17 ,,mg/l,6.84 
,,,,,,,,,
,,,,,,,,,
Sample:,QC 80 PPM,Method:,150309,Measured:,10.03.2015  17:20,,,,
,,,,,,,,,
LineName,,Net_Intensity,Cc,SD,RSD,,,,
Ca 315.887,,"49,968.752 ",,,78.110 ,1.40 ,,mg/l,1.80 
K 766.490,,"95,718.875 ",,,79.386 ,0.13 ,,mg/l,0.17 
Mg 279.806,,"56,585.122 ",,,77.970 ,0.82 ,,mg/l,1.05 
Na 589.592,,"365,981.994 ",,,78.479 ,0.63 ,,mg/l,0.80 
,,,,,,,,,
,,,,,,,,,
Sample:,QC 10 PPM,Method:,150309,Measured:,10.03.2015  17:18,,,,
,,,,,,,,,
LineName,,Net_Intensity,Cc,SD,RSD,,,,
Al 396.152,,"1,275,958.483 ",,,10.969 ,0.16 ,,mg/l,1.46 
Ca 315.887,,"6,251.533 ",,,9.445 ,0.59 ,,mg/l,6.22 
Fe 259.940,,"341,243.562 ",,,10.183 ,0.20 ,,mg/l,1.94 
K 766.490,,"16,895.403 ",,,9.467 ,0.23 ,,mg/l,2.44 
Mg 279.806,,"8,369.874 ",,,9.999 ,0.05 ,,mg/l,0.54 
Mn 257.610,,"530,042.504 ",,,9.810 ,0.26 ,,mg/l,2.66 
Na 589.592,,"111,760.272 ",,,9.556 ,0.05 ,,mg/l,0.55 
,,,,,,,,,
,,,,,,,,,
Sample:,QC 1 PPM,Method:,150309,Measured:,10.03.2015  17:14,,,,
,,,,,,,,,
LineName,,Net_Intensity,Cc,SD,RSD,,,,
Al 396.152,,"141,119.544 ",,,1.197 ,0.02 ,,mg/l,1.61 
Ca 315.887,,842.785 ,,,0.998 ,0.34 ,,mg/l,33.76 
Fe 259.940,,"34,837.776 ",,,0.993 ,0.02 ,,mg/l,2.05 
K 766.490,,"16,647.470 ",,,9.247 ,0.27 ,,mg/l,2.97 
Mg 279.806,,"1,946.368 ",,,0.944 ,0.03 ,,mg/l,3.31 
Mn 257.610,,"54,114.750 ",,,0.972 ,0.01 ,,mg/l,0.99 
Na 589.592,,"78,089.400 ",,,0.427 ,0.02 ,Q,mg/l,4.55 
,,,,,,,,,
,,,,,,,,,
Sample:,BOG619,Method:,150309,Measured:,10.03.2015  17:11,,,,
,,,,,,,,,
LineName,,Net_Intensity,Cc,SD,RSD,,,,
Al 396.152,,872.084 ,,,-0.011,0.00 ,X,mg/l,33.10 
Ca 315.887,,"6,636.301 ",,,10.046 ,0.63 ,,mg/l,6.31 
Fe 259.940,,"1,682.646 ",,,-0.002,0.00 ,X,mg/l,198.60 
K 766.490,,"9,354.138 ",,,2.777 ,0.11 ,,mg/l,3.85 
Mg 279.806,,"3,688.379 ",,,3.400 ,0.08 ,,mg/l,2.36 
Mn 257.610,,"3,558.211 ",,,0.052 ,0.00 ,,mg/l,4.23 
Na 589.592,,"97,826.570 ",,,5.778 ,0.13 ,,mg/l,2.18 
,,,,,,,,,
,,,,,,,,,
Sample:,BOG618,Method:,150309,Measured:,10.03.2015  17:08,,,,
,,,,,,,,,
LineName,,Net_Intensity,Cc,SD,RSD,,,,
Al 396.152,,"3,285.068 ",,,0.010 ,0.01 ,,mg/l,56.01 
Ca 315.887,,"16,553.964 ",,,25.564 ,0.82 ,,mg/l,3.22 
Fe 259.940,,"2,659.039 ",,,0.027 ,0.00 ,,mg/l,8.69 
K 766.490,,"7,151.392 ",,,0.823 ,0.03 ,,mg/l,3.72 
Mg 279.806,,"1,927.146 ",,,0.917 ,0.03 ,,mg/l,3.16 
Mn 257.610,,"2,414.589 ",,,0.031 ,0.00 ,,mg/l,5.64 
Na 589.592,,"126,157.933 ",,,13.459 ,0.52 ,,mg/l,3.89 
,,,,,,,,,
,,,,,,,,,
Sample:,BOG617,Method:,150309,Measured:,10.03.2015  17:05,,,,
,,,,,,,,,
LineName,,Net_Intensity,Cc,SD,RSD,,,,
Al 396.152,,251.403 ,,,-0.016,0.00 ,X,mg/l,23.57 
Ca 315.887,,"11,168.147 ",,,17.133 ,0.38 ,,mg/l,2.23 
Fe 259.940,,"1,451.893 ",,,-0.009,0.00 ,X,mg/l,20.83 
K 766.490,,"6,479.150 ",,,0.227 ,0.10 ,,mg/l,43.98 
Mg 279.806,,"6,141.957 ",,,6.859 ,0.08 ,,mg/l,1.12 
Mn 257.610,,"29,873.015 ",,,0.530 ,0.01 ,,mg/l,1.18 
Na 589.592,,"107,868.404 ",,,8.501 ,0.19 ,,mg/l,2.29 
,,,,,,,,,
,,,,,,,,,
Sample:,BOG616,Method:,150309,Measured:,10.03.2015  17:02,,,,
,,,,,,,,,
LineName,,Net_Intensity,Cc,SD,RSD,,,,
Al 396.152,,"1,404.937 ",,,-0.006,0.01 ,X,mg/l,120.14 
Ca 315.887,,983.657 ,,,1.218 ,0.17 ,,mg/l,13.60 
Fe 259.940,,"1,909.735 ",,,0.005 ,0.00 ,,mg/l,28.43 
K 766.490,,"5,872.867 ",,,-0.311,0.03 ,X,mg/l,8.14 
Mg 279.806,,"1,939.332 ",,,0.934 ,0.01 ,,mg/l,1.53 
Mn 257.610,,744.189 ,,,0.001 ,0.00 ,,mg/l,84.67 
Na 589.592,,"79,784.911 ",,,0.887 ,0.06 ,,mg/l,6.69 
,,,,,,,,,
,,,,,,,,,
Sample:,BOG615,Method:,150309,Measured:,10.03.2015  16:58,,,,
,,,,,,,,,
LineName,,Net_Intensity,Cc,SD,RSD,,,,
Al 396.152,,"2,191.879 ",,,0.001 ,0.00 ,,mg/l,146.08 
Ca 315.887,,"5,388.320 ",,,8.096 ,0.62 ,,mg/l,7.65 
Fe 259.940,,"1,874.089 ",,,0.004 ,0.00 ,,mg/l,101.21 
K 766.490,,"6,398.306 ",,,0.155 ,0.04 ,,mg/l,25.07 
Mg 279.806,,"3,582.776 ",,,3.251 ,0.07 ,,mg/l,2.04 
Mn 257.610,,"1,351.839 ",,,0.012 ,0.00 ,,mg/l,4.14 
Na 589.592,,"92,519.822 ",,,4.339 ,0.06 ,,mg/l,1.33 
,,,,,,,,,
,,,,,,,,,
Sample:,BOG614,Method:,150309,Measured:,10.03.2015  16:55,,,,
,,,,,,,,,
LineName,,Net_Intensity,Cc,SD,RSD,,,,
Al 396.152,,"4,863.070 ",,,0.024 ,0.00 ,,mg/l,8.37 
Ca 315.887,,"6,289.517 ",,,9.504 ,0.32 ,,mg/l,3.33 
Fe 259.940,,"2,983.230 ",,,0.037 ,0.00 ,,mg/l,11.12 
K 766.490,,"6,113.045 ",,,-0.098,0.05 ,X,mg/l,51.33 
Mg 279.806,,"3,930.179 ",,,3.741 ,0.06 ,,mg/l,1.59 
Mn 257.610,,"26,531.203 ",,,0.469 ,0.01 ,,mg/l,2.25 
Na 589.592,,"89,565.744 ",,,3.538 ,0.02 ,,mg/l,0.70 
,,,,,,,,,
,,,,,,,,,
Sample:,BOG613,Method:,150309,Measured:,10.03.2015  16:52,,,,
,,,,,,,,,
LineName,,Net_Intensity,Cc,SD,RSD,,,,
Al 396.152,,"9,542.096 ",,,0.064 ,0.01 ,,mg/l,13.28 
Ca 315.887,,"2,606.970 ",,,3.752 ,0.13 ,,mg/l,3.41 
Fe 259.940,,"4,495.492 ",,,0.083 ,0.00 ,,mg/l,2.09 
K 766.490,,"6,375.701 ",,,0.135 ,0.07 ,,mg/l,48.19 
Mg 279.806,,"2,386.095 ",,,1.564 ,0.05 ,,mg/l,3.20 
Mn 257.610,,867.690 ,,,0.003 ,0.00 ,,mg/l,21.04 
Na 589.592,,"90,371.686 ",,,3.757 ,0.05 ,,mg/l,1.46 
,,,,,,,,,
,,,,,,,,,
Sample:,BOG612,Method:,150309,Measured:,10.03.2015  16:49,,,,
,,,,,,,,,
LineName,,Net_Intensity,Cc,SD,RSD,,,,
Al 396.152,,"1,301.790 ",,,-0.007,0.00 ,X,mg/l,56.26 
Ca 315.887,,"11,995.254 ",,,18.427 ,0.29 ,,mg/l,1.60 
Fe 259.940,,"2,093.015 ",,,0.010 ,0.00 ,,mg/l,12.02 
K 766.490,,"6,707.746 ",,,0.430 ,0.05 ,,mg/l,10.76 
Mg 279.806,,"3,730.993 ",,,3.460 ,0.05 ,,mg/l,1.58 
Mn 257.610,,"2,366.842 ",,,0.030 ,0.00 ,,mg/l,2.45 
Na 589.592,,"110,416.115 ",,,9.191 ,0.45 ,,mg/l,4.87 
,,,,,,,,,
,,,,,,,,,
Sample:,BOG611,Method:,150309,Measured:,10.03.2015  16:45,,,,
,,,,,,,,,
LineName,,Net_Intensity,Cc,SD,RSD,,,,
Al 396.152,,"1,747.239 ",,,-0.003,0.00 ,X,mg/l,121.56 
Ca 315.887,,"8,958.595 ",,,13.677 ,0.65 ,,mg/l,4.74 
Fe 259.940,,"4,474.222 ",,,0.082 ,0.00 ,,mg/l,5.45 
K 766.490,,"6,792.513 ",,,0.505 ,0.04 ,,mg/l,8.33 
Mg 279.806,,"3,249.017 ",,,2.780 ,0.03 ,,mg/l,1.10 
Mn 257.610,,"5,174.708 ",,,0.081 ,0.00 ,,mg/l,4.28 
Na 589.592,,"104,018.398 ",,,7.457 ,0.09 ,,mg/l,1.16 
,,,,,,,,,
,,,,,,,,,
Sample:,BOG610,Method:,150309,Measured:,10.03.2015  16:42,,,,
,,,,,,,,,
LineName,,Net_Intensity,Cc,SD,RSD,,,,
Al 396.152,,"3,412.987 ",,,0.011 ,0.00 ,,mg/l,13.69 
Ca 315.887,,"15,992.472 ",,,24.685 ,0.52 ,,mg/l,2.11 
Fe 259.940,,"2,406.767 ",,,0.020 ,0.01 ,,mg/l,25.71 
K 766.490,,"6,431.273 ",,,0.185 ,0.04 ,,mg/l,19.87 
Mg 279.806,,"2,801.684 ",,,2.150 ,0.07 ,,mg/l,3.17 
Mn 257.610,,"5,466.058 ",,,0.086 ,0.01 ,,mg/l,7.63 
Na 589.592,,"115,064.015 ",,,10.451 ,0.08 ,,mg/l,0.80 
,,,,,,,,,
,,,,,,,,,
Sample:,BLANK H2O,Method:,150309,Measured:,10.03.2015  16:39,,,,
,,,,,,,,,
LineName,,Net_Intensity,Cc,SD,RSD,,,,
Al 396.152,,"12,510.879 ",,,0.090 ,0.01 ,,mg/l,14.22 
Ca 315.887,,109.975 ,,,-0.146,0.14 ,X,mg/l,96.73 
Fe 259.940,,"9,004.087 ",,,0.218 ,0.04 ,,mg/l,18.83 
K 766.490,,"5,423.464 ",,,-0.709,0.08 ,X,mg/l,11.34 
Mg 279.806,,"1,370.595 ",,,0.132 ,0.03 ,,mg/l,20.31 
Mn 257.610,,"14,043.980 ",,,0.242 ,0.06 ,,mg/l,26.42 
Na 589.592,,"74,416.510 ",,,-0.569,0.02 ,X,mg/l,4.01 
,,,,,,,,,
,,,,,,,,,
Sample:,QC 10 PPM,Method:,150309,Measured:,10.03.2015  16:36,,,,
,,,,,,,,,
LineName,,Net_Intensity,Cc,SD,RSD,,,,
Al 396.152,,"1,239,793.951 ",,,10.657 ,0.05 ,,mg/l,0.49 
Ca 315.887,,"6,627.022 ",,,10.032 ,0.89 ,,mg/l,8.86 
Fe 259.940,,"346,798.056 ",,,10.350 ,0.11 ,,mg/l,1.09 
K 766.490,,"16,869.225 ",,,9.443 ,0.27 ,,mg/l,2.89 
Mg 279.806,,"8,548.508 ",,,10.251 ,0.15 ,,mg/l,1.46 
Mn 257.610,,"533,342.849 ",,,9.872 ,0.08 ,,mg/l,0.85 
Na 589.592,,"112,039.862 ",,,9.632 ,0.06 ,,mg/l,0.64 
,,,,,,,,,
,,,,,,,,,
Sample:,QC 1 PPM,Method:,150309,Measured:,10.03.2015  16:32,,,,
,,,,,,,,,
LineName,,Net_Intensity,Cc,SD,RSD,,,,
Al 396.152,,"142,177.983 ",,,1.206 ,0.00 ,,mg/l,0.16 
Ca 315.887,,795.706 ,,,0.924 ,0.15 ,,mg/l,16.11 
Fe 259.940,,"35,368.928 ",,,1.009 ,0.03 ,,mg/l,2.48 
K 766.490,,"16,689.264 ",,,9.284 ,0.18 ,,mg/l,1.93 
Mg 279.806,,"2,089.315 ",,,1.146 ,0.04 ,,mg/l,3.73 
Mn 257.610,,"56,305.280 ",,,1.012 ,0.02 ,,mg/l,1.54 
Na 589.592,,"78,977.627 ",,,0.668 ,0.09 ,,mg/l,14.21 
,,,,,,,,,
,,,,,,,,,
Sample:,BOG609,Method:,150309,Measured:,10.03.2015  16:29,,,,
,,,,,,,,,
LineName,,Net_Intensity,Cc,SD,RSD,,,,
Al 396.152,,"2,830.357 ",,,0.006 ,0.01 ,,mg/l,87.43 
Ca 315.887,,"10,660.736 ",,,16.339 ,0.82 ,,mg/l,5.01 
Fe 259.940,,"2,096.902 ",,,0.011 ,0.00 ,,mg/l,19.81 
K 766.490,,"8,896.862 ",,,2.372 ,0.11 ,,mg/l,4.50 
Mg 279.806,,"14,171.267 ",,,18.178 ,0.36 ,,mg/l,1.96 
Mn 257.610,,"19,966.379 ",,,0.350 ,0.01 ,,mg/l,3.15 
Na 589.592,,"150,847.658 ",,,20.153 ,0.15 ,,mg/l,0.77 
,,,,,,,,,
,,,,,,,,,
Sample:,BOG608,Method:,150309,Measured:,10.03.2015  16:26,,,,
,,,,,,,,,
LineName,,Net_Intensity,Cc,SD,RSD,,,,
Al 396.152,,"1,974.663 ",,,-0.001,0.00 ,X,mg/l,63.47 
Ca 315.887,,"15,086.233 ",,,23.265 ,1.67 ,,mg/l,7.17 
Fe 259.940,,"2,018.322 ",,,0.008 ,0.00 ,,mg/l,40.47 
K 766.490,,"6,450.240 ",,,0.201 ,0.09 ,,mg/l,42.63 
Mg 279.806,,"6,594.813 ",,,7.497 ,0.28 ,,mg/l,3.72 
Mn 257.610,,"9,757.398 ",,,0.164 ,0.00 ,,mg/l,0.33 
Na 589.592,,"135,183.750 ",,,15.906 ,0.18 ,,mg/l,1.14 
,,,,,,,,,
,,,,,,,,,
Sample:,BOG607,Method:,150309,Measured:,10.03.2015  16:23,,,,
,,,,,,,,,
LineName,,Net_Intensity,Cc,SD,RSD,,,,
Al 396.152,,"3,242.763 ",,,0.010 ,0.01 ,,mg/l,66.29 
Ca 315.887,,"4,800.718 ",,,7.178 ,0.45 ,,mg/l,6.21 
Fe 259.940,,"3,529.443 ",,,0.054 ,0.01 ,,mg/l,9.61 
K 766.490,,"7,122.966 ",,,0.798 ,0.06 ,,mg/l,7.47 
Mg 279.806,,"3,574.576 ",,,3.239 ,0.04 ,,mg/l,1.32 
Mn 257.610,,782.228 ,,,0.001 ,0.00 ,,mg/l,30.14 
Na 589.592,,"96,766.483 ",,,5.491 ,0.01 ,,mg/l,0.16 
,,,,,,,,,
,,,,,,,,,
Sample:,BOG606,Method:,150309,Measured:,10.03.2015  16:19,,,,
,,,,,,,,,
LineName,,Net_Intensity,Cc,SD,RSD,,,,
Al 396.152,,"13,786.333 ",,,0.101 ,0.01 ,,mg/l,10.13 
Ca 315.887,,"13,983.027 ",,,21.538 ,0.28 ,,mg/l,1.31 
Fe 259.940,,"7,796.686 ",,,0.182 ,0.00 ,,mg/l,1.87 
K 766.490,,"7,316.782 ",,,0.970 ,0.05 ,,mg/l,5.00 
Mg 279.806,,"9,009.879 ",,,10.902 ,0.17 ,,mg/l,1.60 
Mn 257.610,,742.759 ,,,0.001 ,0.00 ,,mg/l,29.74 
Na 589.592,,"126,782.981 ",,,13.629 ,0.19 ,,mg/l,1.36 
,,,,,,,,,
,,,,,,,,,
Sample:,BOG605,Method:,150309,Measured:,10.03.2015  16:16,,,,
,,,,,,,,,
LineName,,Net_Intensity,Cc,SD,RSD,,,,
Al 396.152,,"2,188.065 ",,,0.001 ,0.00 ,,mg/l,704.64 
Ca 315.887,,"10,793.288 ",,,16.546 ,0.53 ,,mg/l,3.22 
Fe 259.940,,"2,103.978 ",,,0.011 ,0.00 ,,mg/l,42.35 
K 766.490,,"8,219.004 ",,,1.770 ,0.06 ,,mg/l,3.44 
Mg 279.806,,"4,837.463 ",,,5.020 ,0.08 ,,mg/l,1.62 
Mn 257.610,,783.208 ,,,0.001 ,0.00 ,,mg/l,17.26 
Na 589.592,,"104,224.531 ",,,7.513 ,0.13 ,,mg/l,1.72 
,,,,,,,,,
,,,,,,,,,
Sample:,BOG604,Method:,150309,Measured:,10.03.2015  16:13,,,,
,,,,,,,,,
LineName,,Net_Intensity,Cc,SD,RSD,,,,
Al 396.152,,"3,286.075 ",,,0.010 ,0.00 ,,mg/l,37.83 
Ca 315.887,,"9,252.375 ",,,14.136 ,1.49 ,,mg/l,10.52 
Fe 259.940,,"2,297.097 ",,,0.017 ,0.00 ,,mg/l,29.99 
K 766.490,,"6,870.382 ",,,0.574 ,0.01 ,,mg/l,1.32 
Mg 279.806,,"7,542.961 ",,,8.834 ,0.20 ,,mg/l,2.31 
Mn 257.610,,"1,346.886 ",,,0.012 ,0.00 ,,mg/l,6.11 
Na 589.592,,"111,317.835 ",,,9.436 ,0.17 ,,mg/l,1.76 
,,,,,,,,,
,,,,,,,,,
Sample:,BOG603,Method:,150309,Measured:,10.03.2015  16:10,,,,
,,,,,,,,,
LineName,,Net_Intensity,Cc,SD,RSD,,,,
Al 396.152,,"1,627.854 ",,,-0.004,0.00 ,X,mg/l,117.02 
Ca 315.887,,"6,862.688 ",,,10.400 ,0.44 ,,mg/l,4.22 
Fe 259.940,,"1,994.242 ",,,0.007 ,0.00 ,,mg/l,14.89 
K 766.490,,"6,240.398 ",,,0.015 ,0.04 ,<,mg/l,235.48 
Mg 279.806,,"2,046.484 ",,,1.085 ,0.01 ,,mg/l,1.35 
Mn 257.610,,744.587 ,,,0.001 ,0.00 ,,mg/l,40.54 
Na 589.592,,"132,436.813 ",,,15.161 ,0.25 ,,mg/l,1.63 
,,,,,,,,,
,,,,,,,,,
Sample:,BOG602,Method:,150309,Measured:,10.03.2015  16:06,,,,
,,,,,,,,,
LineName,,Net_Intensity,Cc,SD,RSD,,,,
Al 396.152,,"4,497.031 ",,,0.021 ,0.01 ,,mg/l,35.81 
Ca 315.887,,"2,538.426 ",,,3.645 ,0.19 ,,mg/l,5.28 
Fe 259.940,,"8,591.001 ",,,0.205 ,0.01 ,,mg/l,3.55 
K 766.490,,"7,029.759 ",,,0.715 ,0.03 ,,mg/l,4.32 
Mg 279.806,,"2,624.604 ",,,1.900 ,0.05 ,,mg/l,2.42 
Mn 257.610,,"1,216.278 ",,,0.009 ,0.00 ,,mg/l,7.77 
Na 589.592,,"87,132.333 ",,,2.879 ,0.14 ,,mg/l,4.91 
,,,,,,,,,
,,,,,,,,,
Sample:,BOG601,Method:,150309,Measured:,10.03.2015  16:03,,,,
,,,,,,,,,
LineName,,Net_Intensity,Cc,SD,RSD,,,,
Al 396.152,,"5,316.767 ",,,0.028 ,0.01 ,,mg/l,18.13 
Ca 315.887,,"2,347.806 ",,,3.347 ,0.47 ,,mg/l,14.00 
Fe 259.940,,"3,385.426 ",,,0.049 ,0.00 ,,mg/l,5.87 
K 766.490,,"7,904.357 ",,,1.491 ,0.20 ,,mg/l,13.16 
Mg 279.806,,"2,654.347 ",,,1.942 ,0.11 ,,mg/l,5.76 
Mn 257.610,,"2,223.205 ",,,0.028 ,0.01 ,,mg/l,23.44 
Na 589.592,,"85,611.469 ",,,2.466 ,0.20 ,,mg/l,7.95 
,,,,,,,,,
,,,,,,,,,
Sample:,QC 80 PPM,Method:,150309,Measured:,10.03.2015  15:59,,,,
,,,,,,,,,
LineName,,Net_Intensity,Cc,SD,RSD,,,,
Ca 315.887,,"52,601.477 ",,,82.268 ,3.02 ,,mg/l,3.67 
K 766.490,,"96,932.397 ",,,80.462 ,1.35 ,,mg/l,1.68 
Mg 279.806,,"57,534.632 ",,,79.308 ,1.32 ,,mg/l,1.66 
Na 589.592,,"367,242.353 ",,,78.821 ,1.01 ,,mg/l,1.28 
,,,,,,,,,
,,,,,,,,,
Sample:,QC 10 PPM,Method:,150309,Measured:,10.03.2015  15:57,,,,
,,,,,,,,,
LineName,,Net_Intensity,Cc,SD,RSD,,,,
Al 396.152,,"1,234,106.655 ",,,10.608 ,0.10 ,,mg/l,0.96 
Fe 259.940,,"338,444.443 ",,,10.099 ,0.06 ,,mg/l,0.57 
,,,,,,,,,
,,,,,,,,,
Sample:,QC 1 PPM,Method:,150309,Measured:,10.03.2015  15:56,,,,
,,,,,,,,,
LineName,,Net_Intensity,Cc,SD,RSD,,,,
Al 396.152,,"140,006.615 ",,,1.187 ,0.02 ,,mg/l,2.05 
Ca 315.887,,830.930 ,,,0.979 ,0.20 ,,mg/l,20.06 
Fe 259.940,,"36,392.270 ",,,1.039 ,0.01 ,,mg/l,0.56 
K 766.490,,"17,024.419 ",,,9.581 ,0.07 ,,mg/l,0.74 
Mg 279.806,,"1,901.319 ",,,0.881 ,0.01 ,,mg/l,1.06 
Mn 257.610,,"55,244.815 ",,,0.992 ,0.02 ,,mg/l,2.35 
Na 589.592,,"78,592.197 ",,,0.563 ,0.02 ,,mg/l,2.79 
,,,,,,,,,
,,,,,,,,,
Sample:,QC 0.1 PPM,Method:,150309,Measured:,10.03.2015  15:52,,,,
,,,,,,,,,
LineName,,Net_Intensity,Cc,SD,RSD,,,,
Al 396.152,,"14,490.017 ",,,0.107 ,0.00 ,,mg/l,2.00 
Fe 259.940,,"5,043.314 ",,,0.099 ,0.00 ,,mg/l,2.73 
Mn 257.610,,"5,950.827 ",,,0.095 ,0.00 ,,mg/l,1.17 
,,,,,,,,,
,,,,,,,,,
Sample:,QC 0.04 PPM,Method:,150309,Measured:,10.03.2015  15:50,,,,
,,,,,,,,,
LineName,,Net_Intensity,Cc,SD,RSD,,,,
Al 396.152,,"7,391.794 ",,,0.046 ,0.01 ,,mg/l,14.75 
Fe 259.940,,"4,290.434 ",,,0.076 ,0.01 ,,mg/l,7.20 
Mn 257.610,,"2,992.837 ",,,0.042 ,0.00 ,,mg/l,0.32 
,,,,,,,,,
,,,,,,,,,
Sample:,QC 350 PPM,Method:,150309,Measured:,10.03.2015  15:39,,,,
,,,,,,,,,
LineName,,Net_Intensity,Cc,SD,RSD,,,,
Ca 315.887,,"218,202.279 ",,,348.951 ,10.75 ,,mg/l,3.08 
Mg 279.806,,"246,079.240 ",,,345.104 ,5.89 ,,mg/l,1.71 
Na 589.592,,"1,371,887.957 ",,,351.414 ,8.15 ,,mg/l,2.32 
,,,,,,,,,
,,,,,,,,,
Sample:,QC 80 PPM,Method:,150309,Measured:,10.03.2015  15:37,,,,
,,,,,,,,,
LineName,,Net_Intensity,Cc,SD,RSD,,,,
Ca 315.887,,"51,454.776 ",,,80.369 ,0.97 ,,mg/l,1.21 
K 766.490,,"96,350.625 ",,,79.946 ,0.78 ,,mg/l,0.98 
Mg 279.806,,"58,907.318 ",,,81.243 ,0.95 ,,mg/l,1.17 
Na 589.592,,"370,877.843 ",,,79.837 ,0.74 ,,mg/l,0.93 
,,,,,,,,,
,,,,,,,,,
Sample:,QC 10 PPM,Method:,150309,Measured:,10.03.2015  15:35,,,,
,,,,,,,,,
LineName,,Net_Intensity,Cc,SD,RSD,,,,
Al 396.152,,"1,249,396.892 ",,,10.767 ,0.12 ,,mg/l,1.09 
Ca 315.887,,"6,570.840 ",,,9.478 ,0.25 ,,mg/l,2.65 
Fe 259.940,,"351,057.952 ",,,10.509 ,0.23 ,,mg/l,2.22 
K 766.490,,"17,343.338 ",,,9.864 ,0.19 ,,mg/l,1.91 
Mg 279.806,,"8,559.870 ",,,10.267 ,0.17 ,,mg/l,1.61 
Mn 257.610,,"531,291.159 ",,,9.834 ,0.26 ,,mg/l,2.68 
Na 589.592,,"112,034.536 ",,,9.612 ,0.10 ,,mg/l,1.09 
,,,,,,,,,
,,,,,,,,,
Sample:,QC 1 PPM,Method:,150309,Measured:,10.03.2015  15:32,,,,
,,,,,,,,,
LineName,,Net_Intensity,Cc,SD,RSD,,,,
Al 396.152,,"143,471.721 ",,,1.214 ,0.01 ,,mg/l,1.08 
As 189.042,,"51,676.304 ",,,1.035 ,0.03 ,X,mg/l,3.21 
Ba 413.066,,"377,569.174 ",,,0.994 ,0.01 ,,mg/l,0.78 
Be 234.861,,"903,382.988 ",,,1.386 ,0.02 ,X,mg/l,1.61 
Ca 315.887,,712.558 ,,,0.269 ,0.31 ,,mg/l,114.37 
Cd 228.802,,"654,530.399 ",,,1.011 ,0.03 ,X,mg/l,2.51 
Co 228.616,,"45,499.331 ",,,1.057 ,0.03 ,X,mg/l,2.75 
Cr 267.716,,"162,733.174 ",,,1.025 ,0.04 ,X,mg/l,3.50 
Cu 327.396,,"582,059.485 ",,,1.021 ,0.01 ,X,mg/l,0.93 
Fe 259.940,,"36,643.521 ",,,1.030 ,0.02 ,,mg/l,2.20 
K 766.490,,"17,313.527 ",,,9.837 ,0.12 ,,mg/l,1.26 
Mg 279.806,,"1,903.227 ",,,0.883 ,0.03 ,,mg/l,3.61 
Mn 257.610,,"57,071.605 ",,,1.026 ,0.02 ,,mg/l,1.83 
Na 589.592,,"78,670.089 ",,,0.560 ,0.02 ,,mg/l,3.48 
Ni 221.647,,"361,992.461 ",,,0.974 ,0.02 ,,mg/l,1.65 
Pb 220.353,,"47,277.050 ",,,1.807 ,0.14 ,X,mg/l,7.58 
Se 196.026,,"35,032.436 ",,,0.816 ,0.03 ,,mg/l,4.22 
Sr 216.596,,"32,672.483 ",,,0.995 ,0.01 ,,mg/l,1.35 
V 327.612,,"691,249.584 ",,,1.060 ,0.01 ,X,mg/l,1.11 
Zn 206.200,,"60,261.655 ",,,1.003 ,0.02 ,X,mg/l,2.38 
,,,,,,,,,
,,,,,,,,,
Sample:,QC 0.1 PPM,Method:,150309,Measured:,10.03.2015  15:24,,,,
,,,,,,,,,
LineName,,Net_Intensity,Cc,SD,RSD,,,,
Al 396.152,,"13,736.082 ",,,0.106 ,0.01 ,,mg/l,5.36 
As 189.042,,"5,111.332 ",,,0.091 ,0.00 ,,mg/l,4.70 
Ba 413.066,,"33,755.333 ",,,0.096 ,0.00 ,,mg/l,3.55 
Be 234.861,,"69,510.670 ",,,0.107 ,0.00 ,,mg/l,1.46 
Cd 228.802,,"66,850.337 ",,,0.099 ,0.00 ,,mg/l,2.84 
Co 228.616,,"3,832.923 ",,,0.097 ,0.00 ,,mg/l,3.29 
Cr 267.716,,"15,280.912 ",,,0.097 ,0.00 ,,mg/l,3.97 
Cu 327.396,,"63,736.240 ",,,0.093 ,0.00 ,,mg/l,2.32 
Fe 259.940,,"4,802.107 ",,,0.070 ,0.00 ,,mg/l,3.27 
Mn 257.610,,"6,010.171 ",,,0.096 ,0.00 ,,mg/l,1.23 
Ni 221.647,,"41,179.565 ",,,0.101 ,0.01 ,,mg/l,5.03 
Pb 220.353,,"9,809.925 ",,,0.048 ,0.05 ,,mg/l,114.12 
Se 196.026,,"4,399.607 ",,,0.103 ,0.02 ,,mg/l,19.20 
Sr 216.596,,"3,050.473 ",,,0.087 ,0.01 ,,mg/l,7.62 
V 327.612,,"61,113.395 ",,,0.103 ,0.00 ,,mg/l,1.18 
Zn 206.200,,"6,035.900 ",,,0.077 ,0.00 ,,mg/l,2.07 
,,,,,,,,,
,,,,,,,,,
Sample:,QC 0.04 PPM,Method:,150309,Measured:,10.03.2015  15:18,,,,
,,,,,,,,,
LineName,,Net_Intensity,Cc,SD,RSD,,,,
Al 396.152,,"6,497.434 ",,,0.044 ,0.00 ,,mg/l,3.52 
As 189.042,,731.991 ,,,0.002 ,0.02 ,,mg/l,927.50 
Ba 413.066,,"13,176.172 ",,,0.043 ,0.00 ,,mg/l,9.02 
Be 234.861,,"24,817.134 ",,,0.038 ,0.00 ,,mg/l,3.07 
Cd 228.802,,"27,844.921 ",,,0.039 ,0.00 ,,mg/l,3.08 
Co 228.616,,"1,479.080 ",,,0.042 ,0.00 ,,mg/l,4.96 
Cr 267.716,,"4,930.136 ",,,0.032 ,0.00 ,,mg/l,14.34 
Cu 327.396,,"32,784.784 ",,,0.037 ,0.00 ,,mg/l,2.21 
Fe 259.940,,"3,491.602 ",,,0.031 ,0.00 ,,mg/l,9.64 
Mn 257.610,,"2,893.295 ",,,0.040 ,0.00 ,,mg/l,2.75 
Ni 221.647,,"20,054.326 ",,,0.044 ,0.00 ,,mg/l,5.64 
Pb 220.353,,"7,995.087 ",,,-0.037,0.05 ,X,mg/l,142.13 
Se 196.026,,"2,738.538 ",,,0.065 ,0.01 ,,mg/l,12.13 
Sr 216.596,,"1,519.464 ",,,0.040 ,0.00 ,,mg/l,11.80 
V 327.612,,"22,432.030 ",,,0.045 ,0.00 ,,mg/l,0.21 
Zn 206.200,,"3,568.843 ",,,0.035 ,0.00 ,,mg/l,5.18 
,,,,,,,,,
,,,,,,,,,
Print Date: 11-03-2015,,,,,Page -1 of 1,,,,

