Batch Info,2013-03-20T07:11:09.9053262-07:00,2013-03-20T07:12:55.5280967-07:00,2013-03-20T07:11:07.1047817-07:00,,,,,,,,,,,,,,
Batch Data Path,D:\MassHunter\Data\130129\QuantResults\130129LS.batch.bin,,,,,,,,,,,,,,,,
Analysis Time,3/20/2013 7:11 AM,Analyst Name,Administrator,,,,,,,,,,,,,,
Report Time,3/20/2013 7:12 AM,Reporter Name,Administrator,,,,,,,,,,,,,,
Last Calib Update,3/20/2013 7:11 AM,Batch State,Processed,,,,,,,,,,,,,,
,,,,,,,,,,,,,,,,,
Sequence Table,,,,,,,,,,,,,,,,,
Data File,Sample Name,Position,Inj Vol,Level,Sample Type,Acq Method File,,,,,,,,,,,
prerunrespchk.d,prerunrespchk,Vial 3,-1.00,,Sample,120824_VitD_MAPTAD_1D_MRM_practice.m,,,,,,,,,,,
DSS_Nist_L1.d,DSS_Nist_L1,P1-A2,-1.00,,Sample,120824_VitD_MAPTAD_1D_MRM_practice.m,,,,,,,,,,,
DSS_Nist_L2.d,DSS_Nist_L2,P1-B2,-1.00,,Sample,120824_VitD_MAPTAD_1D_MRM_practice.m,,,,,,,,,,,
DSS_Nist_L3.d,DSS_Nist_L3,P1-C2,-1.00,,Sample,120824_VitD_MAPTAD_1D_MRM_practice.m,,,,,,,,,,,
UTAK_DS_L1.d,UTAK_DS_L1,P1-D2,-1.00,,Sample,120824_VitD_MAPTAD_1D_MRM_practice.m,,,,,,,,,,,
UTAK_DS_L2.d,UTAK_DS_L2,P1-E2,-1.00,,Sample,120824_VitD_MAPTAD_1D_MRM_practice.m,,,,,,,,,,,
UTAK_DS_low.d,UTAK_DS_Low,P1-F2,-1.00,,Sample,120824_VitD_MAPTAD_1D_MRM_practice.m,,,,,,,,,,,
FDBS_31.d,FDBS_31,P1-G2,-1.00,,Sample,120824_VitD_MAPTAD_1D_MRM_practice.m,,,,,,,,,,,
FDBS_32.d,FDBS_32,P1-H2,-1.00,,Sample,120824_VitD_MAPTAD_1D_MRM_practice.m,,,,,,,,,,,
FDBS_33.d,FDBS_33,P1-A3,-1.00,,Sample,120824_VitD_MAPTAD_1D_MRM_practice.m,,,,,,,,,,,
FDBS_35.d,FDBS_35,P1-B3,-1.00,,Sample,120824_VitD_MAPTAD_1D_MRM_practice.m,,,,,,,,,,,
FDBS_36.d,FDBS_36,P1-C3,-1.00,,Sample,120824_VitD_MAPTAD_1D_MRM_practice.m,,,,,,,,,,,
FDBS_37.d,FDBS_37,P1-D3,-1.00,,Sample,120824_VitD_MAPTAD_1D_MRM_practice.m,,,,,,,,,,,
FDBS_38.d,FDBS_38,P1-E3,-1.00,,Sample,120824_VitD_MAPTAD_1D_MRM_practice.m,,,,,,,,,,,
FDBS_39.d,FDBS_39,P1-F3,-1.00,,Sample,120824_VitD_MAPTAD_1D_MRM_practice.m,,,,,,,,,,,
FDBS_40.d,FDBS_40,P1-G3,-1.00,,Sample,120824_VitD_MAPTAD_1D_MRM_practice.m,,,,,,,,,,,
FDBS_41.d,FDBS_41,P1-H3,-1.00,,Sample,120824_VitD_MAPTAD_1D_MRM_practice.m,,,,,,,,,,,
FDBS_42.d,FDBS_42,P1-A4,-1.00,,Sample,120824_VitD_MAPTAD_1D_MRM_practice.m,,,,,,,,,,,
FDBS_43.d,FDBS_43,P1-B4,-1.00,,Sample,120824_VitD_MAPTAD_1D_MRM_practice.m,,,,,,,,,,,
FDBS_44.d,FDBS_44,P1-C4,-1.00,,Sample,120824_VitD_MAPTAD_1D_MRM_practice.m,,,,,,,,,,,
FDBS_45.d,FDBS_45,P1-D4,-1.00,,Sample,120824_VitD_MAPTAD_1D_MRM_practice.m,,,,,,,,,,,
FDBS_46.d,FDBS_46,P1-E4,-1.00,,Sample,120824_VitD_MAPTAD_1D_MRM_practice.m,,,,,,,,,,,
FDBS_47.d,FDBS_47,P1-F4,-1.00,,Sample,120824_VitD_MAPTAD_1D_MRM_practice.m,,,,,,,,,,,
FDBS_48.d,FDBS_48,P1-G4,-1.00,,Sample,120824_VitD_MAPTAD_1D_MRM_practice.m,,,,,,,,,,,
FDBS_49.d,FDBS_49,P1-H4,-1.00,,Sample,120824_VitD_MAPTAD_1D_MRM_practice.m,,,,,,,,,,,
FDBS_51.d,FDBS_51,P1-A5,-1.00,,Sample,120824_VitD_MAPTAD_1D_MRM_practice.m,,,,,,,,,,,
FDBS_52.d,FDBS_52,P1-B5,-1.00,,Sample,120824_VitD_MAPTAD_1D_MRM_practice.m,,,,,,,,,,,
FDBS_53.d,FDBS_53,P1-C5,-1.00,,Sample,120824_VitD_MAPTAD_1D_MRM_practice.m,,,,,,,,,,,
LS_Cal_L1.d,LS_Cal_L1,P1-D5,-1.00,1,Calibration,120824_VitD_MAPTAD_1D_MRM_practice.m,,,,,,,,,,,
LS_Cal_L2.d,LS_Cal_L2,P1-E5,-1.00,2,Calibration,120824_VitD_MAPTAD_1D_MRM_practice.m,,,,,,,,,,,
LS_Cal_L3.d,LS_Cal_L3,P1-F5,-1.00,3,Calibration,120824_VitD_MAPTAD_1D_MRM_practice.m,,,,,,,,,,,
LS_Cal_L4.d,LS_Cal_L4,P1-G5,-1.00,4,Calibration,120824_VitD_MAPTAD_1D_MRM_practice.m,,,,,,,,,,,
LS_Cal_L5.d,LS_Cal_L5,P1-H5,-1.00,5,Calibration,120824_VitD_MAPTAD_1D_MRM_practice.m,,,,,,,,,,,
LS_Cal_L6.d,LS_Cal_L6,P1-A6,-1.00,6,Calibration,120824_VitD_MAPTAD_1D_MRM_practice.m,,,,,,,,,,,
LS_Cal_L7.d,LS_Cal_L7,P1-B6,-1.00,7,Calibration,120824_VitD_MAPTAD_1D_MRM_practice.m,,,,,,,,,,,
LS_Cal_L8.d,LS_Cal_L8,P1-C6,-1.00,8,Calibration,120824_VitD_MAPTAD_1D_MRM_practice.m,,,,,,,,,,,
Blk_HS.d,Blk_HS,P1-D6,-1.00,,Sample,120824_VitD_MAPTAD_1D_MRM_practice.m,,,,,,,,,,,
BR_LTA.d,BR_LTA,P1-E6,-1.00,,Sample,120824_VitD_MAPTAD_1D_MRM_practice.m,,,,,,,,,,,
BR_L1.d,BR_L1,P1-F6,-1.00,,Sample,120824_VitD_MAPTAD_1D_MRM_practice.m,,,,,,,,,,,
BR_L2.d,BR_L2,P1-G6,-1.00,,Sample,120824_VitD_MAPTAD_1D_MRM_practice.m,,,,,,,,,,,
BR_L3.d,BR_L3,P1-H6,-1.00,,Sample,120824_VitD_MAPTAD_1D_MRM_practice.m,,,,,,,,,,,
LS_Nist_L1.d,LS_Nist_L1,P1-A7,-1.00,,Sample,120824_VitD_MAPTAD_1D_MRM_practice.m,,,,,,,,,,,
LS_Nist_L2.d,LS_Nist_L2,P1-B7,-1.00,,Sample,120824_VitD_MAPTAD_1D_MRM_practice.m,,,,,,,,,,,
LS_Nist_L3.d,LS_Nist_L3,P1-C7,-1.00,,Sample,120824_VitD_MAPTAD_1D_MRM_practice.m,,,,,,,,,,,
UTAK_LS_low.d,UTAK_LS_low,P1-D7,-1.00,,Sample,120824_VitD_MAPTAD_1D_MRM_practice.m,,,,,,,,,,,
UTAK_LS_1.d,UTAK_LS_1,P1-E7,-1.00,,Sample,120824_VitD_MAPTAD_1D_MRM_practice.m,,,,,,,,,,,
UTAK_LS_2.d,UTAK_LS_2,P1-F7,-1.00,,Sample,120824_VitD_MAPTAD_1D_MRM_practice.m,,,,,,,,,,,
LS_62.d,LS_62,P1-G7,-1.00,,Sample,120824_VitD_MAPTAD_1D_MRM_practice.m,,,,,,,,,,,
LS_63.d,LS_63,P1-H7,-1.00,,Sample,120824_VitD_MAPTAD_1D_MRM_practice.m,,,,,,,,,,,
DEQ_421.d,DEQ_421,P1-A8,-1.00,,Sample,120824_VitD_MAPTAD_1D_MRM_practice.m,,,,,,,,,,,
DEQ_422.d,DEQ_422,P1-B8,-1.00,,Sample,120824_VitD_MAPTAD_1D_MRM_practice.m,,,,,,,,,,,
DEQ_423.d,DEQ_423,P1-C8,-1.00,,Sample,120824_VitD_MAPTAD_1D_MRM_practice.m,,,,,,,,,,,
DEQ_426.d,DEQ_426,P1-D8,-1.00,,Sample,120824_VitD_MAPTAD_1D_MRM_practice.m,,,,,,,,,,,
DEQ_427.d,DEQ_427,P1-E8,-1.00,,Sample,120824_VitD_MAPTAD_1D_MRM_practice.m,,,,,,,,,,,
DEQ_428.d,DEQ_428,P1-F8,-1.00,,Sample,120824_VitD_MAPTAD_1D_MRM_practice.m,,,,,,,,,,,
DEQ_429.d,DEQ_429,P1-G8,-1.00,,Sample,120824_VitD_MAPTAD_1D_MRM_practice.m,,,,,,,,,,,
DEQ_430.d,DEQ_430,P1-H8,-1.00,,Sample,120824_VitD_MAPTAD_1D_MRM_practice.m,,,,,,,,,,,
LS_30.d,LS_30,P1-A9,-1.00,,Sample,120824_VitD_MAPTAD_1D_MRM_practice.m,,,,,,,,,,,
LS_31.d,LS_31,P1-B9,-1.00,,Sample,120824_VitD_MAPTAD_1D_MRM_practice.m,,,,,,,,,,,
LS_32.d,LS_32,P1-C9,-1.00,,Sample,120824_VitD_MAPTAD_1D_MRM_practice.m,,,,,,,,,,,
LS_33.d,LS_33,P1-D9,-1.00,,Sample,120824_VitD_MAPTAD_1D_MRM_practice.m,,,,,,,,,,,
LS_34.d,LS_34,P1-E9,-1.00,,Sample,120824_VitD_MAPTAD_1D_MRM_practice.m,,,,,,,,,,,
LS_35.d,LS_35,P1-F9,-1.00,,Sample,120824_VitD_MAPTAD_1D_MRM_practice.m,,,,,,,,,,,
LS_36.d,LS_36,P1-G9,-1.00,,Sample,120824_VitD_MAPTAD_1D_MRM_practice.m,,,,,,,,,,,
LS_37.d,LS_37,P1-H9,-1.00,,Sample,120824_VitD_MAPTAD_1D_MRM_practice.m,,,,,,,,,,,
LS_38.d,LS_38,P1-A10,-1.00,,Sample,120824_VitD_MAPTAD_1D_MRM_practice.m,,,,,,,,,,,
LS_39.d,LS_39,P1-B10,-1.00,,Sample,120824_VitD_MAPTAD_1D_MRM_practice.m,,,,,,,,,,,
LS_40.d,LS_40,P1-C10,-1.00,,Sample,120824_VitD_MAPTAD_1D_MRM_practice.m,,,,,,,,,,,
LS_41.d,LS_41,P1-D10,-1.00,,Sample,120824_VitD_MAPTAD_1D_MRM_practice.m,,,,,,,,,,,
LS_42.d,LS_42,P1-E10,-1.00,,Sample,120824_VitD_MAPTAD_1D_MRM_practice.m,,,,,,,,,,,
LS_43.d,LS_43,P1-F10,-1.00,,Sample,120824_VitD_MAPTAD_1D_MRM_practice.m,,,,,,,,,,,
LS_44.d,LS_44,P1-G10,-1.00,,Sample,120824_VitD_MAPTAD_1D_MRM_practice.m,,,,,,,,,,,
LS_45.d,LS_45,P1-H10,-1.00,,Sample,120824_VitD_MAPTAD_1D_MRM_practice.m,,,,,,,,,,,
LS_46.d,LS_46,P1-A11,-1.00,,Sample,120824_VitD_MAPTAD_1D_MRM_practice.m,,,,,,,,,,,
LS_47.d,LS_47,P1-B11,-1.00,,Sample,120824_VitD_MAPTAD_1D_MRM_practice.m,,,,,,,,,,,
LS_48.d,LS_48,P1-C11,-1.00,,Sample,120824_VitD_MAPTAD_1D_MRM_practice.m,,,,,,,,,,,
LS_49.d,LS_49,P1-D11,-1.00,,Sample,120824_VitD_MAPTAD_1D_MRM_practice.m,,,,,,,,,,,
LS_50.d,LS_50,P1-E11,-1.00,,Sample,120824_VitD_MAPTAD_1D_MRM_practice.m,,,,,,,,,,,
LS_51.d,LS_51,P1-F11,-1.00,,Sample,120824_VitD_MAPTAD_1D_MRM_practice.m,,,,,,,,,,,
LS_52.d,LS_52,P1-G11,-1.00,,Sample,120824_VitD_MAPTAD_1D_MRM_practice.m,,,,,,,,,,,
LS_53.d,LS_53,P1-H11,-1.00,,Sample,120824_VitD_MAPTAD_1D_MRM_practice.m,,,,,,,,,,,
LS_54.d,LS_54,P1-A12,-1.00,,Sample,120824_VitD_MAPTAD_1D_MRM_practice.m,,,,,,,,,,,
LS_55.d,LS_55,P1-B12,-1.00,,Sample,120824_VitD_MAPTAD_1D_MRM_practice.m,,,,,,,,,,,
LS_56.d,LS_56,P1-C12,-1.00,,Sample,120824_VitD_MAPTAD_1D_MRM_practice.m,,,,,,,,,,,
LS_57.d,LS_57,P1-D12,-1.00,,Sample,120824_VitD_MAPTAD_1D_MRM_practice.m,,,,,,,,,,,
LS_58.d,LS_58,P1-E12,-1.00,,Sample,120824_VitD_MAPTAD_1D_MRM_practice.m,,,,,,,,,,,
LS_59.d,LS_59,P1-F12,-1.00,,Sample,120824_VitD_MAPTAD_1D_MRM_practice.m,,,,,,,,,,,
LS_60.d,LS_60,P1-G12,-1.00,,Sample,120824_VitD_MAPTAD_1D_MRM_practice.m,,,,,,,,,,,
LS_61.d,LS_61,P1-H12,-1.00,,Sample,120824_VitD_MAPTAD_1D_MRM_practice.m,,,,,,,,,,,
mid_respchk.d,mid_respchk,Vial 3,-1.00,,Sample,120824_VitD_MAPTAD_1D_MRM_practice.m,,,,,,,,,,,
DSS_Nist_L3-r002.d,DSS_Nist_L3,P1-C2,-1.00,,Sample,120824_VitD_MAPTAD_1D_MRM_practice.m,,,,,,,,,,,
UTAK_DS_L1-r001.d,UTAK_DS_L1,P1-D2,-1.00,,Sample,120824_VitD_MAPTAD_1D_MRM_practice.m,,,,,,,,,,,
UTAK_DS_L1-r002.d,UTAK_DS_L1,P1-D2,-1.00,,Sample,120824_VitD_MAPTAD_1D_MRM_practice.m,,,,,,,,,,,
UTAK_DS_L2-r001.d,UTAK_DS_L2,P1-E2,-1.00,,Sample,120824_VitD_MAPTAD_1D_MRM_practice.m,,,,,,,,,,,
UTAK_DS_L2-r002.d,UTAK_DS_L2,P1-E2,-1.00,,Sample,120824_VitD_MAPTAD_1D_MRM_practice.m,,,,,,,,,,,
UTAK_DS_low-r001.d,UTAK_DS_Low,P1-F2,-1.00,,Sample,120824_VitD_MAPTAD_1D_MRM_practice.m,,,,,,,,,,,
UTAK_DS_low-r002.d,UTAK_DS_Low,P1-F2,-1.00,,Sample,120824_VitD_MAPTAD_1D_MRM_practice.m,,,,,,,,,,,
LS_Cal_L1-r001.d,LS_Cal_L1,P1-D5,-1.00,1,Calibration,120824_VitD_MAPTAD_1D_MRM_practice.m,,,,,,,,,,,
LS_Cal_L1-r002.d,LS_Cal_L1,P1-D5,-1.00,1,Calibration,120824_VitD_MAPTAD_1D_MRM_practice.m,,,,,,,,,,,
LS_Cal_L2-r001.d,LS_Cal_L2,P1-E5,-1.00,2,Calibration,120824_VitD_MAPTAD_1D_MRM_practice.m,,,,,,,,,,,
LS_Cal_L2-r002.d,LS_Cal_L2,P1-E5,-1.00,2,Calibration,120824_VitD_MAPTAD_1D_MRM_practice.m,,,,,,,,,,,
LS_Cal_L3-r001.d,LS_Cal_L3,P1-F5,-1.00,3,Calibration,120824_VitD_MAPTAD_1D_MRM_practice.m,,,,,,,,,,,
LS_Cal_L3-r002.d,LS_Cal_L3,P1-F5,-1.00,3,Calibration,120824_VitD_MAPTAD_1D_MRM_practice.m,,,,,,,,,,,
LS_Cal_L4-r001.d,LS_Cal_L4,P1-G5,-1.00,4,Calibration,120824_VitD_MAPTAD_1D_MRM_practice.m,,,,,,,,,,,
LS_Cal_L4-r002.d,LS_Cal_L4,P1-G5,-1.00,4,Calibration,120824_VitD_MAPTAD_1D_MRM_practice.m,,,,,,,,,,,
LS_Cal_L5-r001.d,LS_Cal_L5,P1-H5,-1.00,5,Calibration,120824_VitD_MAPTAD_1D_MRM_practice.m,,,,,,,,,,,
LS_Cal_L5-r002.d,LS_Cal_L5,P1-H5,-1.00,5,Calibration,120824_VitD_MAPTAD_1D_MRM_practice.m,,,,,,,,,,,
LS_Cal_L6-r001.d,LS_Cal_L6,P1-A6,-1.00,6,Calibration,120824_VitD_MAPTAD_1D_MRM_practice.m,,,,,,,,,,,
LS_Cal_L6-r002.d,LS_Cal_L6,P1-A6,-1.00,6,Calibration,120824_VitD_MAPTAD_1D_MRM_practice.m,,,,,,,,,,,
LS_Cal_L7-r001.d,LS_Cal_L7,P1-B6,-1.00,7,Calibration,120824_VitD_MAPTAD_1D_MRM_practice.m,,,,,,,,,,,
LS_Cal_L7-r002.d,LS_Cal_L7,P1-B6,-1.00,7,Calibration,120824_VitD_MAPTAD_1D_MRM_practice.m,,,,,,,,,,,
LS_Cal_L8-r001.d,LS_Cal_L8,P1-C6,-1.00,8,Calibration,120824_VitD_MAPTAD_1D_MRM_practice.m,,,,,,,,,,,
LS_Cal_L8-r002.d,LS_Cal_L8,P1-C6,-1.00,8,Calibration,120824_VitD_MAPTAD_1D_MRM_practice.m,,,,,,,,,,,
Blk_HS-r001.d,Blk_HS,P1-D6,-1.00,,Sample,120824_VitD_MAPTAD_1D_MRM_practice.m,,,,,,,,,,,
Blk_HS-r002.d,Blk_HS,P1-D6,-1.00,,Sample,120824_VitD_MAPTAD_1D_MRM_practice.m,,,,,,,,,,,
BR_LTA-r001.d,BR_LTA,P1-E6,-1.00,,Sample,120824_VitD_MAPTAD_1D_MRM_practice.m,,,,,,,,,,,
BR_LTA-r002.d,BR_LTA,P1-E6,-1.00,,Sample,120824_VitD_MAPTAD_1D_MRM_practice.m,,,,,,,,,,,
BR_L1-r001.d,BR_L1,P1-F6,-1.00,,Sample,120824_VitD_MAPTAD_1D_MRM_practice.m,,,,,,,,,,,
BR_L1-r002.d,BR_L1,P1-F6,-1.00,,Sample,120824_VitD_MAPTAD_1D_MRM_practice.m,,,,,,,,,,,
BR_L2-r001.d,BR_L2,P1-G6,-1.00,,Sample,120824_VitD_MAPTAD_1D_MRM_practice.m,,,,,,,,,,,
BR_L2-r002.d,BR_L2,P1-G6,-1.00,,Sample,120824_VitD_MAPTAD_1D_MRM_practice.m,,,,,,,,,,,
BR_L3-r001.d,BR_L3,P1-H6,-1.00,,Sample,120824_VitD_MAPTAD_1D_MRM_practice.m,,,,,,,,,,,
BR_L3-r002.d,BR_L3,P1-H6,-1.00,,Sample,120824_VitD_MAPTAD_1D_MRM_practice.m,,,,,,,,,,,
LS_Nist_L1-r001.d,LS_Nist_L1,P1-A7,-1.00,,Sample,120824_VitD_MAPTAD_1D_MRM_practice.m,,,,,,,,,,,
LS_Nist_L1-r002.d,LS_Nist_L1,P1-A7,-1.00,,Sample,120824_VitD_MAPTAD_1D_MRM_practice.m,,,,,,,,,,,
LS_Nist_L2-r001.d,LS_Nist_L2,P1-B7,-1.00,,Sample,120824_VitD_MAPTAD_1D_MRM_practice.m,,,,,,,,,,,
LS_Nist_L2-r002.d,LS_Nist_L2,P1-B7,-1.00,,Sample,120824_VitD_MAPTAD_1D_MRM_practice.m,,,,,,,,,,,
LS_Nist_L3-r001.d,LS_Nist_L3,P1-C7,-1.00,,Sample,120824_VitD_MAPTAD_1D_MRM_practice.m,,,,,,,,,,,
LS_Nist_L3-r002.d,LS_Nist_L3,P1-C7,-1.00,,Sample,120824_VitD_MAPTAD_1D_MRM_practice.m,,,,,,,,,,,
UTAK_LS_Low-r001.d,UTAK_LS_low,P1-D7,-1.00,,Sample,120824_VitD_MAPTAD_1D_MRM_practice.m,,,,,,,,,,,
UTAK_LS_Low-r002.d,UTAK_LS_low,P1-D7,-1.00,,Sample,120824_VitD_MAPTAD_1D_MRM_practice.m,,,,,,,,,,,
UTAK_LS_1-r001.d,UTAK_LS_1,P1-E7,-1.00,,Sample,120824_VitD_MAPTAD_1D_MRM_practice.m,,,,,,,,,,,
UTAK_LS_1-r002.d,UTAK_LS_1,P1-E7,-1.00,,Sample,120824_VitD_MAPTAD_1D_MRM_practice.m,,,,,,,,,,,
UTAK_LS_2-r001.d,UTAK_LS_2,P1-F7,-1.00,,Sample,120824_VitD_MAPTAD_1D_MRM_practice.m,,,,,,,,,,,
UTAK_LS_2-r002.d,UTAK_LS_2,P1-F7,-1.00,,Sample,120824_VitD_MAPTAD_1D_MRM_practice.m,,,,,,,,,,,
LS_62-r001.d,LS_62,P1-G7,-1.00,,Sample,120824_VitD_MAPTAD_1D_MRM_practice.m,,,,,,,,,,,
LS_62-r002.d,LS_62,P1-G7,-1.00,,Sample,120824_VitD_MAPTAD_1D_MRM_practice.m,,,,,,,,,,,
LS_63-r001.d,LS_63,P1-H7,-1.00,,Sample,120824_VitD_MAPTAD_1D_MRM_practice.m,,,,,,,,,,,
LS_63-r002.d,LS_63,P1-H7,-1.00,,Sample,120824_VitD_MAPTAD_1D_MRM_practice.m,,,,,,,,,,,
DEQ_421-r001.d,DEQ_421,P1-A8,-1.00,,Sample,120824_VitD_MAPTAD_1D_MRM_practice.m,,,,,,,,,,,
DEQ_421-r002.d,DEQ_421,P1-A8,-1.00,,Sample,120824_VitD_MAPTAD_1D_MRM_practice.m,,,,,,,,,,,
DEQ_422-r001.d,DEQ_422,P1-B8,-1.00,,Sample,120824_VitD_MAPTAD_1D_MRM_practice.m,,,,,,,,,,,
DEQ_422-r002.d,DEQ_422,P1-B8,-1.00,,Sample,120824_VitD_MAPTAD_1D_MRM_practice.m,,,,,,,,,,,
DEQ_423-r001.d,DEQ_423,P1-C8,-1.00,,Sample,120824_VitD_MAPTAD_1D_MRM_practice.m,,,,,,,,,,,
DEQ_423-r002.d,DEQ_423,P1-C8,-1.00,,Sample,120824_VitD_MAPTAD_1D_MRM_practice.m,,,,,,,,,,,
DEQ_426-r001.d,DEQ_426,P1-D8,-1.00,,Sample,120824_VitD_MAPTAD_1D_MRM_practice.m,,,,,,,,,,,
DEQ_426-r002.d,DEQ_426,P1-D8,-1.00,,Sample,120824_VitD_MAPTAD_1D_MRM_practice.m,,,,,,,,,,,
DEQ_427-r001.d,DEQ_427,P1-E8,-1.00,,Sample,120824_VitD_MAPTAD_1D_MRM_practice.m,,,,,,,,,,,
DEQ_427-r002.d,DEQ_427,P1-E8,-1.00,,Sample,120824_VitD_MAPTAD_1D_MRM_practice.m,,,,,,,,,,,
DEQ_428-r001.d,DEQ_428,P1-F8,-1.00,,Sample,120824_VitD_MAPTAD_1D_MRM_practice.m,,,,,,,,,,,
DEQ_428-r002.d,DEQ_428,P1-F8,-1.00,,Sample,120824_VitD_MAPTAD_1D_MRM_practice.m,,,,,,,,,,,
DEQ_429-r001.d,DEQ_429,P1-G8,-1.00,,Sample,120824_VitD_MAPTAD_1D_MRM_practice.m,,,,,,,,,,,
DEQ_429-r002.d,DEQ_429,P1-G8,-1.00,,Sample,120824_VitD_MAPTAD_1D_MRM_practice.m,,,,,,,,,,,
DEQ_430-r001.d,DEQ_430,P1-H8,-1.00,,Sample,120824_VitD_MAPTAD_1D_MRM_practice.m,,,,,,,,,,,
DEQ_430-r002.d,DEQ_430,P1-H8,-1.00,,Sample,120824_VitD_MAPTAD_1D_MRM_practice.m,,,,,,,,,,,
LS_30-r001.d,LS_30,P1-A9,-1.00,,Sample,120824_VitD_MAPTAD_1D_MRM_practice.m,,,,,,,,,,,
LS_30-r002.d,LS_30,P1-A9,-1.00,,Sample,120824_VitD_MAPTAD_1D_MRM_practice.m,,,,,,,,,,,
LS_31-r001.d,LS_31,P1-B9,-1.00,,Sample,120824_VitD_MAPTAD_1D_MRM_practice.m,,,,,,,,,,,
LS_31-r002.d,LS_31,P1-B9,-1.00,,Sample,120824_VitD_MAPTAD_1D_MRM_practice.m,,,,,,,,,,,
LS_32-r001.d,LS_32,P1-C9,-1.00,,Sample,120824_VitD_MAPTAD_1D_MRM_practice.m,,,,,,,,,,,
LS_32-r002.d,LS_32,P1-C9,-1.00,,Sample,120824_VitD_MAPTAD_1D_MRM_practice.m,,,,,,,,,,,
LS_33-r001.d,LS_33,P1-D9,-1.00,,Sample,120824_VitD_MAPTAD_1D_MRM_practice.m,,,,,,,,,,,
LS_33-r002.d,LS_33,P1-D9,-1.00,,Sample,120824_VitD_MAPTAD_1D_MRM_practice.m,,,,,,,,,,,
LS_34-r001.d,LS_34,P1-E9,-1.00,,Sample,120824_VitD_MAPTAD_1D_MRM_practice.m,,,,,,,,,,,
LS_34-r002.d,LS_34,P1-E9,-1.00,,Sample,120824_VitD_MAPTAD_1D_MRM_practice.m,,,,,,,,,,,
LS_35-r001.d,LS_35,P1-F9,-1.00,,Sample,120824_VitD_MAPTAD_1D_MRM_practice.m,,,,,,,,,,,
LS_35-r002.d,LS_35,P1-F9,-1.00,,Sample,120824_VitD_MAPTAD_1D_MRM_practice.m,,,,,,,,,,,
LS_36-r001.d,LS_36,P1-G9,-1.00,,Sample,120824_VitD_MAPTAD_1D_MRM_practice.m,,,,,,,,,,,
LS_36-r002.d,LS_36,P1-G9,-1.00,,Sample,120824_VitD_MAPTAD_1D_MRM_practice.m,,,,,,,,,,,
LS_37-r001.d,LS_37,P1-H9,-1.00,,Sample,120824_VitD_MAPTAD_1D_MRM_practice.m,,,,,,,,,,,
LS_37-r002.d,LS_37,P1-H9,-1.00,,Sample,120824_VitD_MAPTAD_1D_MRM_practice.m,,,,,,,,,,,
LS_38-r001.d,LS_38,P1-A10,-1.00,,Sample,120824_VitD_MAPTAD_1D_MRM_practice.m,,,,,,,,,,,
LS_38-r002.d,LS_38,P1-A10,-1.00,,Sample,120824_VitD_MAPTAD_1D_MRM_practice.m,,,,,,,,,,,
LS_39-r001.d,LS_39,P1-B10,-1.00,,Sample,120824_VitD_MAPTAD_1D_MRM_practice.m,,,,,,,,,,,
LS_39-r002.d,LS_39,P1-B10,-1.00,,Sample,120824_VitD_MAPTAD_1D_MRM_practice.m,,,,,,,,,,,
LS_40-r001.d,LS_40,P1-C10,-1.00,,Sample,120824_VitD_MAPTAD_1D_MRM_practice.m,,,,,,,,,,,
LS_40-r002.d,LS_40,P1-C10,-1.00,,Sample,120824_VitD_MAPTAD_1D_MRM_practice.m,,,,,,,,,,,
LS_41-r001.d,LS_41,P1-D10,-1.00,,Sample,120824_VitD_MAPTAD_1D_MRM_practice.m,,,,,,,,,,,
LS_41-r002.d,LS_41,P1-D10,-1.00,,Sample,120824_VitD_MAPTAD_1D_MRM_practice.m,,,,,,,,,,,
LS_42-r001.d,LS_42,P1-E10,-1.00,,Sample,120824_VitD_MAPTAD_1D_MRM_practice.m,,,,,,,,,,,
LS_42-r002.d,LS_42,P1-E10,-1.00,,Sample,120824_VitD_MAPTAD_1D_MRM_practice.m,,,,,,,,,,,
LS_43-r001.d,LS_43,P1-F10,-1.00,,Sample,120824_VitD_MAPTAD_1D_MRM_practice.m,,,,,,,,,,,
LS_43-r002.d,LS_43,P1-F10,-1.00,,Sample,120824_VitD_MAPTAD_1D_MRM_practice.m,,,,,,,,,,,
LS_44-r001.d,LS_44,P1-G10,-1.00,,Sample,120824_VitD_MAPTAD_1D_MRM_practice.m,,,,,,,,,,,
LS_44-r002.d,LS_44,P1-G10,-1.00,,Sample,120824_VitD_MAPTAD_1D_MRM_practice.m,,,,,,,,,,,
LS_45-r001.d,LS_45,P1-H10,-1.00,,Sample,120824_VitD_MAPTAD_1D_MRM_practice.m,,,,,,,,,,,
LS_45-r002.d,LS_45,P1-H10,-1.00,,Sample,120824_VitD_MAPTAD_1D_MRM_practice.m,,,,,,,,,,,
LS_46-r001.d,LS_46,P1-A11,-1.00,,Sample,120824_VitD_MAPTAD_1D_MRM_practice.m,,,,,,,,,,,
LS_46-r002.d,LS_46,P1-A11,-1.00,,Sample,120824_VitD_MAPTAD_1D_MRM_practice.m,,,,,,,,,,,
LS_47-r001.d,LS_47,P1-B11,-1.00,,Sample,120824_VitD_MAPTAD_1D_MRM_practice.m,,,,,,,,,,,
LS_47-r002.d,LS_47,P1-B11,-1.00,,Sample,120824_VitD_MAPTAD_1D_MRM_practice.m,,,,,,,,,,,
LS_48-r001.d,LS_48,P1-C11,-1.00,,Sample,120824_VitD_MAPTAD_1D_MRM_practice.m,,,,,,,,,,,
LS_48-r002.d,LS_48,P1-C11,-1.00,,Sample,120824_VitD_MAPTAD_1D_MRM_practice.m,,,,,,,,,,,
LS_49-r001.d,LS_49,P1-D11,-1.00,,Sample,120824_VitD_MAPTAD_1D_MRM_practice.m,,,,,,,,,,,
LS_49-r002.d,LS_49,P1-D11,-1.00,,Sample,120824_VitD_MAPTAD_1D_MRM_practice.m,,,,,,,,,,,
LS_50-r001.d,LS_50,P1-E11,-1.00,,Sample,120824_VitD_MAPTAD_1D_MRM_practice.m,,,,,,,,,,,
LS_50-r002.d,LS_50,P1-E11,-1.00,,Sample,120824_VitD_MAPTAD_1D_MRM_practice.m,,,,,,,,,,,
LS_51-r001.d,LS_51,P1-F11,-1.00,,Sample,120824_VitD_MAPTAD_1D_MRM_practice.m,,,,,,,,,,,
LS_51-r002.d,LS_51,P1-F11,-1.00,,Sample,120824_VitD_MAPTAD_1D_MRM_practice.m,,,,,,,,,,,
LS_52-r001.d,LS_52,P1-G11,-1.00,,Sample,120824_VitD_MAPTAD_1D_MRM_practice.m,,,,,,,,,,,
LS_52-r002.d,LS_52,P1-G11,-1.00,,Sample,120824_VitD_MAPTAD_1D_MRM_practice.m,,,,,,,,,,,
LS_53-r001.d,LS_53,P1-H11,-1.00,,Sample,120824_VitD_MAPTAD_1D_MRM_practice.m,,,,,,,,,,,
LS_53-r002.d,LS_53,P1-H11,-1.00,,Sample,120824_VitD_MAPTAD_1D_MRM_practice.m,,,,,,,,,,,
LS_54-r001.d,LS_54,P1-A12,-1.00,,Sample,120824_VitD_MAPTAD_1D_MRM_practice.m,,,,,,,,,,,
LS_54-r002.d,LS_54,P1-A12,-1.00,,Sample,120824_VitD_MAPTAD_1D_MRM_practice.m,,,,,,,,,,,
LS_55-r001.d,LS_55,P1-B12,-1.00,,Sample,120824_VitD_MAPTAD_1D_MRM_practice.m,,,,,,,,,,,
LS_55-r002.d,LS_55,P1-B12,-1.00,,Sample,120824_VitD_MAPTAD_1D_MRM_practice.m,,,,,,,,,,,
LS_56-r001.d,LS_56,P1-C12,-1.00,,Sample,120824_VitD_MAPTAD_1D_MRM_practice.m,,,,,,,,,,,
LS_56-r002.d,LS_56,P1-C12,-1.00,,Sample,120824_VitD_MAPTAD_1D_MRM_practice.m,,,,,,,,,,,
LS_57-r001.d,LS_57,P1-D12,-1.00,,Sample,120824_VitD_MAPTAD_1D_MRM_practice.m,,,,,,,,,,,
LS_57-r002.d,LS_57,P1-D12,-1.00,,Sample,120824_VitD_MAPTAD_1D_MRM_practice.m,,,,,,,,,,,
LS_58-r001.d,LS_58,P1-E12,-1.00,,Sample,120824_VitD_MAPTAD_1D_MRM_practice.m,,,,,,,,,,,
LS_58-r002.d,LS_58,P1-E12,-1.00,,Sample,120824_VitD_MAPTAD_1D_MRM_practice.m,,,,,,,,,,,
LS_59-r001.d,LS_59,P1-F12,-1.00,,Sample,120824_VitD_MAPTAD_1D_MRM_practice.m,,,,,,,,,,,
LS_59-r002.d,LS_59,P1-F12,-1.00,,Sample,120824_VitD_MAPTAD_1D_MRM_practice.m,,,,,,,,,,,
LS_60-r001.d,LS_60,P1-G12,-1.00,,Sample,120824_VitD_MAPTAD_1D_MRM_practice.m,,,,,,,,,,,
LS_60-r002.d,LS_60,P1-G12,-1.00,,Sample,120824_VitD_MAPTAD_1D_MRM_practice.m,,,,,,,,,,,
LS_61-r001.d,LS_61,P1-H12,-1.00,,Sample,120824_VitD_MAPTAD_1D_MRM_practice.m,,,,,,,,,,,
LS_61-r002.d,LS_61,P1-H12,-1.00,,Sample,120824_VitD_MAPTAD_1D_MRM_practice.m,,,,,,,,,,,
post_respchk.d,post_respchk,Vial 3,-1.00,,Sample,120824_VitD_MAPTAD_1D_MRM_practice.m,,,,,,,,,,,
,,,,,,,,,,,,,,,,,
Quantitation Results,,,,,,,,,,,,,,,,,
Target Compound,25-OH D3+PTAD+MA,,,,,,,,,,,,,,,,
Data File,Compound,ISTD,Resp,ISTD Resp,Resp Ratio, Final Conc,Exp Conc,Accuracy,,,,,,,,,
prerunrespchk.d,25-OH D3+PTAD+MA,25-OH D3d3+PTAD+MA,5816,274638,0.0212,0.9145,,,,,,,,,,,
DSS_Nist_L1.d,25-OH D3+PTAD+MA,25-OH D3d3+PTAD+MA,6103,139562,0.0437,1.6912,,,,,,,,,,,
DSS_Nist_L2.d,25-OH D3+PTAD+MA,25-OH D3d3+PTAD+MA,11339,135726,0.0835,3.0510,,,,,,,,,,,
DSS_Nist_L3.d,25-OH D3+PTAD+MA,25-OH D3d3+PTAD+MA,15871,141710,0.1120,4.0144,,,,,,,,,,,
UTAK_DS_L1.d,25-OH D3+PTAD+MA,25-OH D3d3+PTAD+MA,30621,148846,0.2057,7.1408,,,,,,,,,,,
UTAK_DS_L2.d,25-OH D3+PTAD+MA,25-OH D3d3+PTAD+MA,75632,145807,0.5187,17.1021,,,,,,,,,,,
UTAK_DS_low.d,25-OH D3+PTAD+MA,25-OH D3d3+PTAD+MA,10873,143348,0.0759,2.7893,,,,,,,,,,,
FDBS_31.d,25-OH D3+PTAD+MA,25-OH D3d3+PTAD+MA,65098,137020,0.4751,15.7547,,,,,,,,,,,
FDBS_32.d,25-OH D3+PTAD+MA,25-OH D3d3+PTAD+MA,36119,115948,0.3115,10.5861,,,,,,,,,,,
FDBS_33.d,25-OH D3+PTAD+MA,25-OH D3d3+PTAD+MA,37204,133025,0.2797,9.5582,,,,,,,,,,,
FDBS_35.d,25-OH D3+PTAD+MA,25-OH D3d3+PTAD+MA,56870,130227,0.4367,14.5578,,,,,,,,,,,
FDBS_36.d,25-OH D3+PTAD+MA,25-OH D3d3+PTAD+MA,47499,112057,0.4239,14.1564,,,,,,,,,,,
FDBS_37.d,25-OH D3+PTAD+MA,25-OH D3d3+PTAD+MA,41537,124568,0.3334,11.2901,,,,,,,,,,,
FDBS_38.d,25-OH D3+PTAD+MA,25-OH D3d3+PTAD+MA,14054,108063,0.1300,4.6223,,,,,,,,,,,
FDBS_39.d,25-OH D3+PTAD+MA,25-OH D3d3+PTAD+MA,28508,128803,0.2213,7.6545,,,,,,,,,,,
FDBS_40.d,25-OH D3+PTAD+MA,25-OH D3d3+PTAD+MA,17687,112792,0.1568,5.5182,,,,,,,,,,,
FDBS_41.d,25-OH D3+PTAD+MA,25-OH D3d3+PTAD+MA,30212,115680,0.2612,8.9570,,,,,,,,,,,
FDBS_42.d,25-OH D3+PTAD+MA,25-OH D3d3+PTAD+MA,19528,110941,0.1760,6.1577,,,,,,,,,,,
FDBS_43.d,25-OH D3+PTAD+MA,25-OH D3d3+PTAD+MA,30969,116069,0.2668,9.1407,,,,,,,,,,,
FDBS_44.d,25-OH D3+PTAD+MA,25-OH D3d3+PTAD+MA,40006,128888,0.3104,10.5503,,,,,,,,,,,
FDBS_45.d,25-OH D3+PTAD+MA,25-OH D3d3+PTAD+MA,26524,141183,0.1879,6.5507,,,,,,,,,,,
FDBS_46.d,25-OH D3+PTAD+MA,25-OH D3d3+PTAD+MA,58152,140995,0.4124,13.7968,,,,,,,,,,,
FDBS_47.d,25-OH D3+PTAD+MA,25-OH D3d3+PTAD+MA,24904,115389,0.2158,7.4736,,,,,,,,,,,
FDBS_48.d,25-OH D3+PTAD+MA,25-OH D3d3+PTAD+MA,67566,129414,0.5221,17.2060,,,,,,,,,,,
FDBS_49.d,25-OH D3+PTAD+MA,25-OH D3d3+PTAD+MA,44552,131846,0.3379,11.4330,,,,,,,,,,,
FDBS_51.d,25-OH D3+PTAD+MA,25-OH D3d3+PTAD+MA,33638,110027,0.3057,10.3999,,,,,,,,,,,
FDBS_52.d,25-OH D3+PTAD+MA,25-OH D3d3+PTAD+MA,21179,130418,0.1624,5.7043,,,,,,,,,,,
FDBS_53.d,25-OH D3+PTAD+MA,25-OH D3d3+PTAD+MA,31609,126774,0.2493,8.5714,,,,,,,,,,,
LS_Cal_L1.d,25-OH D3+PTAD+MA,25-OH D3d3+PTAD+MA,9667,192028,0.0503,1.9179,1.9531,98.19,,,,,,,,,
LS_Cal_L2.d,25-OH D3+PTAD+MA,25-OH D3d3+PTAD+MA,17605,202319,0.0870,3.1690,3.9063,81.13,,,,,,,,,
LS_Cal_L3.d,25-OH D3+PTAD+MA,25-OH D3d3+PTAD+MA,42671,208343,0.2048,7.1107,7.8125,91.02,,,,,,,,,
LS_Cal_L4.d,25-OH D3+PTAD+MA,25-OH D3d3+PTAD+MA,97959,198977,0.4923,16.2881,15.6250,104.24,,,,,,,,,
LS_Cal_L5.d,25-OH D3+PTAD+MA,25-OH D3d3+PTAD+MA,262759,194905,1.3481,40.7238,31.2500,130.32,,,,,,,,,
LS_Cal_L6.d,25-OH D3+PTAD+MA,25-OH D3d3+PTAD+MA,458669,200133,2.2918,64.1481,62.5000,102.64,,,,,,,,,
LS_Cal_L7.d,25-OH D3+PTAD+MA,25-OH D3d3+PTAD+MA,952805,218529,4.3601,107.5661,125.0000,86.05,,,,,,,,,
LS_Cal_L8.d,25-OH D3+PTAD+MA,25-OH D3d3+PTAD+MA,2946334,206496,14.2682,252.5260,250.0000,101.01,,,,,,,,,
Blk_HS.d,25-OH D3+PTAD+MA,25-OH D3d3+PTAD+MA,267,214114,0.0012,0.2243,,,,,,,,,,,
BR_LTA.d,25-OH D3+PTAD+MA,25-OH D3d3+PTAD+MA,29849,155747,0.1916,6.6758,,,,,,,,,,,
BR_L1.d,25-OH D3+PTAD+MA,25-OH D3d3+PTAD+MA,30057,160826,0.1869,6.5183,,,,,,,,,,,
BR_L2.d,25-OH D3+PTAD+MA,25-OH D3d3+PTAD+MA,35506,143625,0.2472,8.5022,,,,,,,,,,,
BR_L3.d,25-OH D3+PTAD+MA,25-OH D3d3+PTAD+MA,101262,135837,0.7455,23.9187,,,,,,,,,,,
LS_Nist_L1.d,25-OH D3+PTAD+MA,25-OH D3d3+PTAD+MA,19217,142463,0.1349,4.7848,,,,,,,,,,,
LS_Nist_L2.d,25-OH D3+PTAD+MA,25-OH D3d3+PTAD+MA,46553,163372,0.2850,9.7291,,,,,,,,,,,
LS_Nist_L3.d,25-OH D3+PTAD+MA,25-OH D3d3+PTAD+MA,66702,152832,0.4364,14.5498,,,,,,,,,,,
UTAK_LS_low.d,25-OH D3+PTAD+MA,25-OH D3d3+PTAD+MA,34252,136267,0.2514,8.6374,,,,,,,,,,,
UTAK_LS_1.d,25-OH D3+PTAD+MA,25-OH D3d3+PTAD+MA,96756,145183,0.6664,21.5777,,,,,,,,,,,
UTAK_LS_2.d,25-OH D3+PTAD+MA,25-OH D3d3+PTAD+MA,252505,153084,1.6494,48.5359,,,,,,,,,,,
LS_62.d,25-OH D3+PTAD+MA,25-OH D3d3+PTAD+MA,81200,143671,0.5652,18.5243,,,,,,,,,,,
LS_63.d,25-OH D3+PTAD+MA,25-OH D3d3+PTAD+MA,132293,164642,0.8035,25.6160,,,,,,,,,,,
DEQ_421.d,25-OH D3+PTAD+MA,25-OH D3d3+PTAD+MA,59132,147827,0.4000,13.4053,,,,,,,,,,,
DEQ_422.d,25-OH D3+PTAD+MA,25-OH D3d3+PTAD+MA,43396,143982,0.3014,10.2604,,,,,,,,,,,
DEQ_423.d,25-OH D3+PTAD+MA,25-OH D3d3+PTAD+MA,92657,138666,0.6682,21.6302,,,,,,,,,,,
DEQ_426.d,25-OH D3+PTAD+MA,25-OH D3d3+PTAD+MA,32046,129209,0.2480,8.5285,,,,,,,,,,,
DEQ_427.d,25-OH D3+PTAD+MA,25-OH D3d3+PTAD+MA,96057,150782,0.6371,20.6981,,,,,,,,,,,
DEQ_428.d,25-OH D3+PTAD+MA,25-OH D3d3+PTAD+MA,59762,135321,0.4416,14.7123,,,,,,,,,,,
DEQ_429.d,25-OH D3+PTAD+MA,25-OH D3d3+PTAD+MA,64675,125223,0.5165,17.0334,,,,,,,,,,,
DEQ_430.d,25-OH D3+PTAD+MA,25-OH D3d3+PTAD+MA,20962,145511,0.1441,5.0920,,,,,,,,,,,
LS_30.d,25-OH D3+PTAD+MA,25-OH D3d3+PTAD+MA,82703,111048,0.7447,23.8976,,,,,,,,,,,
LS_31.d,25-OH D3+PTAD+MA,25-OH D3d3+PTAD+MA,194326,121669,1.5972,47.2053,,,,,,,,,,,
LS_32.d,25-OH D3+PTAD+MA,25-OH D3d3+PTAD+MA,122188,116983,1.0445,32.4733,,,,,,,,,,,
LS_33.d,25-OH D3+PTAD+MA,25-OH D3d3+PTAD+MA,125906,104143,1.2090,36.9926,,,,,,,,,,,
LS_34.d,25-OH D3+PTAD+MA,25-OH D3d3+PTAD+MA,135954,118367,1.1486,35.3477,,,,,,,,,,,
LS_35.d,25-OH D3+PTAD+MA,25-OH D3d3+PTAD+MA,118753,110186,1.0777,33.3971,,,,,,,,,,,
LS_36.d,25-OH D3+PTAD+MA,25-OH D3d3+PTAD+MA,167924,124751,1.3461,40.6690,,,,,,,,,,,
LS_37.d,25-OH D3+PTAD+MA,25-OH D3d3+PTAD+MA,148179,103775,1.4279,42.8257,,,,,,,,,,,
LS_38.d,25-OH D3+PTAD+MA,25-OH D3d3+PTAD+MA,55810,94223,0.5923,19.3488,,,,,,,,,,,
LS_39.d,25-OH D3+PTAD+MA,25-OH D3d3+PTAD+MA,66455,128276,0.5181,17.0821,,,,,,,,,,,
LS_40.d,25-OH D3+PTAD+MA,25-OH D3d3+PTAD+MA,38524,89546,0.4302,14.3548,,,,,,,,,,,
LS_41.d,25-OH D3+PTAD+MA,25-OH D3d3+PTAD+MA,37116,56579,0.6560,21.2657,,,,,,,,,,,
LS_42.d,25-OH D3+PTAD+MA,25-OH D3d3+PTAD+MA,44387,113293,0.3918,13.1457,,,,,,,,,,,
LS_43.d,25-OH D3+PTAD+MA,25-OH D3d3+PTAD+MA,59065,94756,0.6233,20.2856,,,,,,,,,,,
LS_44.d,25-OH D3+PTAD+MA,25-OH D3d3+PTAD+MA,74609,100104,0.7453,23.9142,,,,,,,,,,,
LS_45.d,25-OH D3+PTAD+MA,25-OH D3d3+PTAD+MA,46501,122896,0.3784,12.7213,,,,,,,,,,,
LS_46.d,25-OH D3+PTAD+MA,25-OH D3d3+PTAD+MA,59082,87192,0.6776,21.9106,,,,,,,,,,,
LS_47.d,25-OH D3+PTAD+MA,25-OH D3d3+PTAD+MA,57158,104821,0.5453,17.9172,,,,,,,,,,,
LS_48.d,25-OH D3+PTAD+MA,25-OH D3d3+PTAD+MA,106187,96365,1.1019,34.0654,,,,,,,,,,,
LS_49.d,25-OH D3+PTAD+MA,25-OH D3d3+PTAD+MA,107803,132742,0.8121,25.8661,,,,,,,,,,,
LS_50.d,25-OH D3+PTAD+MA,25-OH D3d3+PTAD+MA,24112,80837,0.2983,10.1597,,,,,,,,,,,
LS_51.d,25-OH D3+PTAD+MA,25-OH D3d3+PTAD+MA,64437,97849,0.6585,21.3415,,,,,,,,,,,
LS_52.d,25-OH D3+PTAD+MA,25-OH D3d3+PTAD+MA,52945,139981,0.3782,12.7166,,,,,,,,,,,
LS_53.d,25-OH D3+PTAD+MA,25-OH D3d3+PTAD+MA,76209,138719,0.5494,18.0422,,,,,,,,,,,
LS_54.d,25-OH D3+PTAD+MA,25-OH D3d3+PTAD+MA,102632,113088,0.9075,28.6123,,,,,,,,,,,
LS_55.d,25-OH D3+PTAD+MA,25-OH D3d3+PTAD+MA,118087,97214,1.2147,37.1483,,,,,,,,,,,
LS_56.d,25-OH D3+PTAD+MA,25-OH D3d3+PTAD+MA,92900,91815,1.0118,31.5603,,,,,,,,,,,
LS_57.d,25-OH D3+PTAD+MA,25-OH D3d3+PTAD+MA,83612,128100,0.6527,21.1674,,,,,,,,,,,
LS_58.d,25-OH D3+PTAD+MA,25-OH D3d3+PTAD+MA,24247,120626,0.2010,6.9851,,,,,,,,,,,
LS_59.d,25-OH D3+PTAD+MA,25-OH D3d3+PTAD+MA,64402,131111,0.4912,16.2535,,,,,,,,,,,
LS_60.d,25-OH D3+PTAD+MA,25-OH D3d3+PTAD+MA,64817,132744,0.4883,16.1634,,,,,,,,,,,
LS_61.d,25-OH D3+PTAD+MA,25-OH D3d3+PTAD+MA,17858,138613,0.1288,4.5815,,,,,,,,,,,
mid_respchk.d,25-OH D3+PTAD+MA,25-OH D3d3+PTAD+MA,4699,242798,0.0194,0.8514,,,,,,,,,,,
DSS_Nist_L3-r002.d,25-OH D3+PTAD+MA,25-OH D3d3+PTAD+MA,15659,129490,0.1209,4.3157,,,,,,,,,,,
UTAK_DS_L1-r001.d,25-OH D3+PTAD+MA,25-OH D3d3+PTAD+MA,29846,132264,0.2257,7.7965,,,,,,,,,,,
UTAK_DS_L1-r002.d,25-OH D3+PTAD+MA,25-OH D3d3+PTAD+MA,28696,141614,0.2026,7.0387,,,,,,,,,,,
UTAK_DS_L2-r001.d,25-OH D3+PTAD+MA,25-OH D3d3+PTAD+MA,65734,128274,0.5125,16.9095,,,,,,,,,,,
UTAK_DS_L2-r002.d,25-OH D3+PTAD+MA,25-OH D3d3+PTAD+MA,67588,131885,0.5125,16.9103,,,,,,,,,,,
UTAK_DS_low-r001.d,25-OH D3+PTAD+MA,25-OH D3d3+PTAD+MA,9715,130368,0.0745,2.7439,,,,,,,,,,,
UTAK_DS_low-r002.d,25-OH D3+PTAD+MA,25-OH D3d3+PTAD+MA,9643,132291,0.0729,2.6884,,,,,,,,,,,
LS_Cal_L1-r001.d,25-OH D3+PTAD+MA,25-OH D3d3+PTAD+MA,10259,194554,0.0527,1.9996,1.9531,102.38,,,,,,,,,
LS_Cal_L1-r002.d,25-OH D3+PTAD+MA,25-OH D3d3+PTAD+MA,9795,198633,0.0493,1.8825,1.9531,96.38,,,,,,,,,
LS_Cal_L2-r001.d,25-OH D3+PTAD+MA,25-OH D3d3+PTAD+MA,18767,214210,0.0876,3.1891,3.9063,81.64,,,,,,,,,
LS_Cal_L2-r002.d,25-OH D3+PTAD+MA,25-OH D3d3+PTAD+MA,18821,223468,0.0842,3.0741,3.9063,78.70,,,,,,,,,
LS_Cal_L3-r001.d,25-OH D3+PTAD+MA,25-OH D3d3+PTAD+MA,41043,204319,0.2009,6.9808,7.8125,89.35,,,,,,,,,
LS_Cal_L3-r002.d,25-OH D3+PTAD+MA,25-OH D3d3+PTAD+MA,44621,232324,0.1921,6.6895,7.8125,85.63,,,,,,,,,
LS_Cal_L4-r001.d,25-OH D3+PTAD+MA,25-OH D3d3+PTAD+MA,89719,187467,0.4786,15.8628,15.6250,101.52,,,,,,,,,
LS_Cal_L4-r002.d,25-OH D3+PTAD+MA,25-OH D3d3+PTAD+MA,89499,176685,0.5065,16.7275,15.6250,107.06,,,,,,,,,
LS_Cal_L5-r001.d,25-OH D3+PTAD+MA,25-OH D3d3+PTAD+MA,237553,174740,1.3595,41.0238,31.2500,131.28,,,,,,,,,
LS_Cal_L5-r002.d,25-OH D3+PTAD+MA,25-OH D3d3+PTAD+MA,257685,197105,1.3073,39.6387,31.2500,126.84,,,,,,,,,
LS_Cal_L6-r001.d,25-OH D3+PTAD+MA,25-OH D3d3+PTAD+MA,431086,188596,2.2858,64.0067,62.5000,102.41,,,,,,,,,
LS_Cal_L6-r002.d,25-OH D3+PTAD+MA,25-OH D3d3+PTAD+MA,433372,178250,2.4313,67.3745,62.5000,107.80,,,,,,,,,
LS_Cal_L7-r001.d,25-OH D3+PTAD+MA,25-OH D3d3+PTAD+MA,885207,184461,4.7989,115.7962,125.0000,92.64,,,,,,,,,
LS_Cal_L7-r002.d,25-OH D3+PTAD+MA,25-OH D3d3+PTAD+MA,862345,185638,4.6453,112.9473,125.0000,90.36,,,,,,,,,
LS_Cal_L8-r001.d,25-OH D3+PTAD+MA,25-OH D3d3+PTAD+MA,2597297,181219,14.3324,253.2860,250.0000,101.31,,,,,,,,,
LS_Cal_L8-r002.d,25-OH D3+PTAD+MA,25-OH D3d3+PTAD+MA,2677549,185773,14.4130,254.2399,250.0000,101.70,,,,,,,,,
Blk_HS-r001.d,25-OH D3+PTAD+MA,25-OH D3d3+PTAD+MA,730,183923,0.0040,0.3189,,,,,,,,,,,
Blk_HS-r002.d,25-OH D3+PTAD+MA,25-OH D3d3+PTAD+MA,222,209848,0.0011,0.2178,,,,,,,,,,,
BR_LTA-r001.d,25-OH D3+PTAD+MA,25-OH D3d3+PTAD+MA,23415,125258,0.1869,6.5196,,,,,,,,,,,
BR_LTA-r002.d,25-OH D3+PTAD+MA,25-OH D3d3+PTAD+MA,27530,144694,0.1903,6.6298,,,,,,,,,,,
BR_L1-r001.d,25-OH D3+PTAD+MA,25-OH D3d3+PTAD+MA,27538,134470,0.2048,7.1098,,,,,,,,,,,
BR_L1-r002.d,25-OH D3+PTAD+MA,25-OH D3d3+PTAD+MA,30510,152415,0.2002,6.9577,,,,,,,,,,,
BR_L2-r001.d,25-OH D3+PTAD+MA,25-OH D3d3+PTAD+MA,31421,121649,0.2583,8.8634,,,,,,,,,,,
BR_L2-r002.d,25-OH D3+PTAD+MA,25-OH D3d3+PTAD+MA,31295,116119,0.2695,9.2283,,,,,,,,,,,
BR_L3-r001.d,25-OH D3+PTAD+MA,25-OH D3d3+PTAD+MA,85206,116360,0.7323,23.5301,,,,,,,,,,,
BR_L3-r002.d,25-OH D3+PTAD+MA,25-OH D3d3+PTAD+MA,88302,106520,0.8290,26.3545,,,,,,,,,,,
LS_Nist_L1-r001.d,25-OH D3+PTAD+MA,25-OH D3d3+PTAD+MA,18819,116157,0.1620,5.6917,,,,,,,,,,,
LS_Nist_L1-r002.d,25-OH D3+PTAD+MA,25-OH D3d3+PTAD+MA,19102,117874,0.1621,5.6929,,,,,,,,,,,
LS_Nist_L2-r001.d,25-OH D3+PTAD+MA,25-OH D3d3+PTAD+MA,41106,148041,0.2777,9.4930,,,,,,,,,,,
LS_Nist_L2-r002.d,25-OH D3+PTAD+MA,25-OH D3d3+PTAD+MA,40344,145231,0.2778,9.4973,,,,,,,,,,,
LS_Nist_L3-r001.d,25-OH D3+PTAD+MA,25-OH D3d3+PTAD+MA,59890,137828,0.4345,14.4899,,,,,,,,,,,
LS_Nist_L3-r002.d,25-OH D3+PTAD+MA,25-OH D3d3+PTAD+MA,62120,146743,0.4233,14.1388,,,,,,,,,,,
UTAK_LS_Low-r001.d,25-OH D3+PTAD+MA,25-OH D3d3+PTAD+MA,32595,123379,0.2642,9.0553,,,,,,,,,,,
UTAK_LS_Low-r002.d,25-OH D3+PTAD+MA,25-OH D3d3+PTAD+MA,32607,126400,0.2580,8.8529,,,,,,,,,,,
UTAK_LS_1-r001.d,25-OH D3+PTAD+MA,25-OH D3d3+PTAD+MA,94751,137409,0.6896,22.2660,,,,,,,,,,,
UTAK_LS_1-r002.d,25-OH D3+PTAD+MA,25-OH D3d3+PTAD+MA,92597,134579,0.6880,22.2213,,,,,,,,,,,
UTAK_LS_2-r001.d,25-OH D3+PTAD+MA,25-OH D3d3+PTAD+MA,225007,139615,1.6116,47.5740,,,,,,,,,,,
UTAK_LS_2-r002.d,25-OH D3+PTAD+MA,25-OH D3d3+PTAD+MA,229823,135315,1.6984,49.7739,,,,,,,,,,,
LS_62-r001.d,25-OH D3+PTAD+MA,25-OH D3d3+PTAD+MA,80545,130973,0.6150,20.0336,,,,,,,,,,,
LS_62-r002.d,25-OH D3+PTAD+MA,25-OH D3d3+PTAD+MA,83020,136610,0.6077,19.8146,,,,,,,,,,,
LS_63-r001.d,25-OH D3+PTAD+MA,25-OH D3d3+PTAD+MA,126416,134370,0.9408,29.5586,,,,,,,,,,,
LS_63-r002.d,25-OH D3+PTAD+MA,25-OH D3d3+PTAD+MA,118647,133421,0.8893,28.0902,,,,,,,,,,,
DEQ_421-r001.d,25-OH D3+PTAD+MA,25-OH D3d3+PTAD+MA,56508,132404,0.4268,14.2475,,,,,,,,,,,
DEQ_421-r002.d,25-OH D3+PTAD+MA,25-OH D3d3+PTAD+MA,54814,128825,0.4255,14.2068,,,,,,,,,,,
DEQ_422-r001.d,25-OH D3+PTAD+MA,25-OH D3d3+PTAD+MA,39159,133442,0.2935,10.0039,,,,,,,,,,,
DEQ_422-r002.d,25-OH D3+PTAD+MA,25-OH D3d3+PTAD+MA,40066,131566,0.3045,10.3615,,,,,,,,,,,
DEQ_423-r001.d,25-OH D3+PTAD+MA,25-OH D3d3+PTAD+MA,84446,123143,0.6858,22.1532,,,,,,,,,,,
DEQ_423-r002.d,25-OH D3+PTAD+MA,25-OH D3d3+PTAD+MA,87252,125819,0.6935,22.3825,,,,,,,,,,,
DEQ_426-r001.d,25-OH D3+PTAD+MA,25-OH D3d3+PTAD+MA,32535,109716,0.2965,10.1036,,,,,,,,,,,
DEQ_426-r002.d,25-OH D3+PTAD+MA,25-OH D3d3+PTAD+MA,31256,107692,0.2902,9.9000,,,,,,,,,,,
DEQ_427-r001.d,25-OH D3+PTAD+MA,25-OH D3d3+PTAD+MA,91254,136758,0.6673,21.6024,,,,,,,,,,,
DEQ_427-r002.d,25-OH D3+PTAD+MA,25-OH D3d3+PTAD+MA,89148,133189,0.6693,21.6640,,,,,,,,,,,
DEQ_428-r001.d,25-OH D3+PTAD+MA,25-OH D3d3+PTAD+MA,54994,122764,0.4480,14.9100,,,,,,,,,,,
DEQ_428-r002.d,25-OH D3+PTAD+MA,25-OH D3d3+PTAD+MA,56671,123794,0.4578,15.2161,,,,,,,,,,,
DEQ_429-r001.d,25-OH D3+PTAD+MA,25-OH D3d3+PTAD+MA,64802,125315,0.5171,17.0528,,,,,,,,,,,
DEQ_429-r002.d,25-OH D3+PTAD+MA,25-OH D3d3+PTAD+MA,66666,132640,0.5026,16.6061,,,,,,,,,,,
DEQ_430-r001.d,25-OH D3+PTAD+MA,25-OH D3d3+PTAD+MA,20322,148382,0.1370,4.8540,,,,,,,,,,,
DEQ_430-r002.d,25-OH D3+PTAD+MA,25-OH D3d3+PTAD+MA,22108,155391,0.1423,5.0321,,,,,,,,,,,
LS_30-r001.d,25-OH D3+PTAD+MA,25-OH D3d3+PTAD+MA,100531,124570,0.8070,25.7179,,,,,,,,,,,
LS_30-r002.d,25-OH D3+PTAD+MA,25-OH D3d3+PTAD+MA,97723,121468,0.8045,25.6451,,,,,,,,,,,
LS_31-r001.d,25-OH D3+PTAD+MA,25-OH D3d3+PTAD+MA,252311,133737,1.8866,54.4535,,,,,,,,,,,
LS_31-r002.d,25-OH D3+PTAD+MA,25-OH D3d3+PTAD+MA,251134,130140,1.9297,55.5088,,,,,,,,,,,
LS_32-r001.d,25-OH D3+PTAD+MA,25-OH D3d3+PTAD+MA,129414,113585,1.1394,35.0952,,,,,,,,,,,
LS_32-r002.d,25-OH D3+PTAD+MA,25-OH D3d3+PTAD+MA,133670,115594,1.1564,35.5609,,,,,,,,,,,
LS_33-r001.d,25-OH D3+PTAD+MA,25-OH D3d3+PTAD+MA,124473,97289,1.2794,38.8917,,,,,,,,,,,
LS_33-r002.d,25-OH D3+PTAD+MA,25-OH D3d3+PTAD+MA,119860,94386,1.2699,38.6362,,,,,,,,,,,
LS_34-r001.d,25-OH D3+PTAD+MA,25-OH D3d3+PTAD+MA,116713,103082,1.1322,34.8994,,,,,,,,,,,
LS_34-r002.d,25-OH D3+PTAD+MA,25-OH D3d3+PTAD+MA,119388,106766,1.1182,34.5145,,,,,,,,,,,
LS_35-r001.d,25-OH D3+PTAD+MA,25-OH D3d3+PTAD+MA,118391,95895,1.2346,37.6858,,,,,,,,,,,
LS_35-r002.d,25-OH D3+PTAD+MA,25-OH D3d3+PTAD+MA,119238,99253,1.2014,36.7861,,,,,,,,,,,
LS_36-r001.d,25-OH D3+PTAD+MA,25-OH D3d3+PTAD+MA,138508,110482,1.2537,38.2001,,,,,,,,,,,
LS_36-r002.d,25-OH D3+PTAD+MA,25-OH D3d3+PTAD+MA,145848,114652,1.2721,38.6952,,,,,,,,,,,
LS_37-r001.d,25-OH D3+PTAD+MA,25-OH D3d3+PTAD+MA,137429,82869,1.6584,48.7626,,,,,,,,,,,
LS_37-r002.d,25-OH D3+PTAD+MA,25-OH D3d3+PTAD+MA,137541,83141,1.6543,48.6590,,,,,,,,,,,
LS_38-r001.d,25-OH D3+PTAD+MA,25-OH D3d3+PTAD+MA,68744,106980,0.6426,20.8640,,,,,,,,,,,
LS_38-r002.d,25-OH D3+PTAD+MA,25-OH D3d3+PTAD+MA,74245,116943,0.6349,20.6326,,,,,,,,,,,
LS_39-r001.d,25-OH D3+PTAD+MA,25-OH D3d3+PTAD+MA,63537,123085,0.5162,17.0250,,,,,,,,,,,
LS_39-r002.d,25-OH D3+PTAD+MA,25-OH D3d3+PTAD+MA,64327,123366,0.5214,17.1857,,,,,,,,,,,
LS_40-r001.d,25-OH D3+PTAD+MA,25-OH D3d3+PTAD+MA,44927,119540,0.3758,12.6405,,,,,,,,,,,
LS_40-r002.d,25-OH D3+PTAD+MA,25-OH D3d3+PTAD+MA,46209,117518,0.3932,13.1907,,,,,,,,,,,
LS_41-r001.d,25-OH D3+PTAD+MA,25-OH D3d3+PTAD+MA,86721,121130,0.7159,23.0480,,,,,,,,,,,
LS_41-r002.d,25-OH D3+PTAD+MA,25-OH D3d3+PTAD+MA,89515,129213,0.6928,22.3616,,,,,,,,,,,
LS_42-r001.d,25-OH D3+PTAD+MA,25-OH D3d3+PTAD+MA,44726,107110,0.4176,13.9580,,,,,,,,,,,
LS_42-r002.d,25-OH D3+PTAD+MA,25-OH D3d3+PTAD+MA,40771,106819,0.3817,12.8261,,,,,,,,,,,
LS_43-r001.d,25-OH D3+PTAD+MA,25-OH D3d3+PTAD+MA,67887,101831,0.6667,21.5843,,,,,,,,,,,
LS_43-r002.d,25-OH D3+PTAD+MA,25-OH D3d3+PTAD+MA,72758,101731,0.7152,23.0263,,,,,,,,,,,
LS_44-r001.d,25-OH D3+PTAD+MA,25-OH D3d3+PTAD+MA,99879,120453,0.8292,26.3609,,,,,,,,,,,
LS_44-r002.d,25-OH D3+PTAD+MA,25-OH D3d3+PTAD+MA,103815,120627,0.8606,27.2681,,,,,,,,,,,
LS_45-r001.d,25-OH D3+PTAD+MA,25-OH D3d3+PTAD+MA,50865,126315,0.4027,13.4895,,,,,,,,,,,
LS_45-r002.d,25-OH D3+PTAD+MA,25-OH D3d3+PTAD+MA,48850,121499,0.4021,13.4701,,,,,,,,,,,
LS_46-r001.d,25-OH D3+PTAD+MA,25-OH D3d3+PTAD+MA,96490,117100,0.8240,26.2103,,,,,,,,,,,
LS_46-r002.d,25-OH D3+PTAD+MA,25-OH D3d3+PTAD+MA,107062,129861,0.8244,26.2231,,,,,,,,,,,
LS_47-r001.d,25-OH D3+PTAD+MA,25-OH D3d3+PTAD+MA,64277,117904,0.5452,17.9135,,,,,,,,,,,
LS_47-r002.d,25-OH D3+PTAD+MA,25-OH D3d3+PTAD+MA,66935,117233,0.5710,18.7003,,,,,,,,,,,
LS_48-r001.d,25-OH D3+PTAD+MA,25-OH D3d3+PTAD+MA,170855,129718,1.3171,39.8994,,,,,,,,,,,
LS_48-r002.d,25-OH D3+PTAD+MA,25-OH D3d3+PTAD+MA,167676,127324,1.3169,39.8941,,,,,,,,,,,
LS_49-r001.d,25-OH D3+PTAD+MA,25-OH D3d3+PTAD+MA,121082,132630,0.9129,28.7660,,,,,,,,,,,
LS_49-r002.d,25-OH D3+PTAD+MA,25-OH D3d3+PTAD+MA,121063,134023,0.9033,28.4913,,,,,,,,,,,
LS_50-r001.d,25-OH D3+PTAD+MA,25-OH D3d3+PTAD+MA,37290,115055,0.3241,10.9909,,,,,,,,,,,
LS_50-r002.d,25-OH D3+PTAD+MA,25-OH D3d3+PTAD+MA,35952,109789,0.3275,11.0984,,,,,,,,,,,
LS_51-r001.d,25-OH D3+PTAD+MA,25-OH D3d3+PTAD+MA,89823,119781,0.7499,24.0488,,,,,,,,,,,
LS_51-r002.d,25-OH D3+PTAD+MA,25-OH D3d3+PTAD+MA,91968,116880,0.7869,25.1310,,,,,,,,,,,
LS_52-r001.d,25-OH D3+PTAD+MA,25-OH D3d3+PTAD+MA,54229,132043,0.4107,13.7420,,,,,,,,,,,
LS_52-r002.d,25-OH D3+PTAD+MA,25-OH D3d3+PTAD+MA,55195,138812,0.3976,13.3301,,,,,,,,,,,
LS_53-r001.d,25-OH D3+PTAD+MA,25-OH D3d3+PTAD+MA,66530,116264,0.5722,18.7390,,,,,,,,,,,
LS_53-r002.d,25-OH D3+PTAD+MA,25-OH D3d3+PTAD+MA,64207,112181,0.5723,18.7425,,,,,,,,,,,
LS_54-r001.d,25-OH D3+PTAD+MA,25-OH D3d3+PTAD+MA,101521,100980,1.0054,31.3796,,,,,,,,,,,
LS_54-r002.d,25-OH D3+PTAD+MA,25-OH D3d3+PTAD+MA,100118,100880,0.9924,31.0168,,,,,,,,,,,
LS_55-r001.d,25-OH D3+PTAD+MA,25-OH D3d3+PTAD+MA,109301,91850,1.1900,36.4774,,,,,,,,,,,
LS_55-r002.d,25-OH D3+PTAD+MA,25-OH D3d3+PTAD+MA,113693,98542,1.1538,35.4892,,,,,,,,,,,
LS_56-r001.d,25-OH D3+PTAD+MA,25-OH D3d3+PTAD+MA,102375,88722,1.1539,35.4928,,,,,,,,,,,
LS_56-r002.d,25-OH D3+PTAD+MA,25-OH D3d3+PTAD+MA,100203,87099,1.1504,35.3987,,,,,,,,,,,
LS_57-r001.d,25-OH D3+PTAD+MA,25-OH D3d3+PTAD+MA,95580,132757,0.7200,23.1672,,,,,,,,,,,
LS_57-r002.d,25-OH D3+PTAD+MA,25-OH D3d3+PTAD+MA,98805,140667,0.7024,22.6474,,,,,,,,,,,
LS_58-r001.d,25-OH D3+PTAD+MA,25-OH D3d3+PTAD+MA,26835,123038,0.2181,7.5485,,,,,,,,,,,
LS_58-r002.d,25-OH D3+PTAD+MA,25-OH D3d3+PTAD+MA,25814,115806,0.2229,7.7063,,,,,,,,,,,
LS_59-r001.d,25-OH D3+PTAD+MA,25-OH D3d3+PTAD+MA,64644,124675,0.5185,17.0956,,,,,,,,,,,
LS_59-r002.d,25-OH D3+PTAD+MA,25-OH D3d3+PTAD+MA,64086,121150,0.5290,17.4176,,,,,,,,,,,
LS_60-r001.d,25-OH D3+PTAD+MA,25-OH D3d3+PTAD+MA,58064,106219,0.5466,17.9586,,,,,,,,,,,
LS_60-r002.d,25-OH D3+PTAD+MA,25-OH D3d3+PTAD+MA,59368,112855,0.5261,17.3278,,,,,,,,,,,
LS_61-r001.d,25-OH D3+PTAD+MA,25-OH D3d3+PTAD+MA,13672,104508,0.1308,4.6482,,,,,,,,,,,
LS_61-r002.d,25-OH D3+PTAD+MA,25-OH D3d3+PTAD+MA,13396,98485,0.1360,4.8226,,,,,,,,,,,
post_respchk.d,25-OH D3+PTAD+MA,25-OH D3d3+PTAD+MA,5022,231748,0.0217,0.9315,,,,,,,,,,,
,,,,,,,,,,,,,,,,,
Target Compound,25-OH D2+PTAD+MA,,,,,,,,,,,,,,,,
Data File,Compound,ISTD,Resp,ISTD Resp,Resp Ratio, Final Conc,Exp Conc,Accuracy,,,,,,,,,
prerunrespchk.d,25-OH D2+PTAD+MA,25-OH D3d3+PTAD+MA,6222,274638,0.0227,0.8835,,,,,,,,,,,
DSS_Nist_L1.d,25-OH D2+PTAD+MA,25-OH D3d3+PTAD+MA,1252,139562,0.0090,0.7909,,,,,,,,,,,
DSS_Nist_L2.d,25-OH D2+PTAD+MA,25-OH D3d3+PTAD+MA,3937,135726,0.0290,0.9265,,,,,,,,,,,
DSS_Nist_L3.d,25-OH D2+PTAD+MA,25-OH D3d3+PTAD+MA,826,141710,0.0058,0.7697,,,,,,,,,,,
UTAK_DS_L1.d,25-OH D2+PTAD+MA,25-OH D3d3+PTAD+MA,126983,148846,0.8531,6.4269,,,,,,,,,,,
UTAK_DS_L2.d,25-OH D2+PTAD+MA,25-OH D3d3+PTAD+MA,325712,145807,2.2339,15.3373,,,,,,,,,,,
UTAK_DS_low.d,25-OH D2+PTAD+MA,25-OH D3d3+PTAD+MA,42422,143348,0.2959,2.7239,,,,,,,,,,,
FDBS_31.d,25-OH D2+PTAD+MA,25-OH D3d3+PTAD+MA,9997,137020,0.0730,1.2235,,,,,,,,,,,
FDBS_32.d,25-OH D2+PTAD+MA,25-OH D3d3+PTAD+MA,2560,115948,0.0221,0.8796,,,,,,,,,,,
FDBS_33.d,25-OH D2+PTAD+MA,25-OH D3d3+PTAD+MA,1132,133025,0.0085,0.7878,,,,,,,,,,,
FDBS_35.d,25-OH D2+PTAD+MA,25-OH D3d3+PTAD+MA,786,130227,0.0060,0.7710,,,,,,,,,,,
FDBS_36.d,25-OH D2+PTAD+MA,25-OH D3d3+PTAD+MA,1527,112057,0.0136,0.8224,,,,,,,,,,,
FDBS_37.d,25-OH D2+PTAD+MA,25-OH D3d3+PTAD+MA,2050,124568,0.0165,0.8416,,,,,,,,,,,
FDBS_38.d,25-OH D2+PTAD+MA,25-OH D3d3+PTAD+MA,14977,108063,0.1386,1.6663,,,,,,,,,,,
FDBS_39.d,25-OH D2+PTAD+MA,25-OH D3d3+PTAD+MA,1476,128803,0.0115,0.8077,,,,,,,,,,,
FDBS_40.d,25-OH D2+PTAD+MA,25-OH D3d3+PTAD+MA,3399,112792,0.0301,0.9341,,,,,,,,,,,
FDBS_41.d,25-OH D2+PTAD+MA,25-OH D3d3+PTAD+MA,2403,115680,0.0208,0.8708,,,,,,,,,,,
FDBS_42.d,25-OH D2+PTAD+MA,25-OH D3d3+PTAD+MA,1189,110941,0.0107,0.8027,,,,,,,,,,,
FDBS_43.d,25-OH D2+PTAD+MA,25-OH D3d3+PTAD+MA,686,116069,0.0059,0.7702,,,,,,,,,,,
FDBS_44.d,25-OH D2+PTAD+MA,25-OH D3d3+PTAD+MA,2806,128888,0.0218,0.8775,,,,,,,,,,,
FDBS_45.d,25-OH D2+PTAD+MA,25-OH D3d3+PTAD+MA,1983,141183,0.0140,0.8252,,,,,,,,,,,
FDBS_46.d,25-OH D2+PTAD+MA,25-OH D3d3+PTAD+MA,1284,140995,0.0091,0.7918,,,,,,,,,,,
FDBS_47.d,25-OH D2+PTAD+MA,25-OH D3d3+PTAD+MA,1643,115389,0.0142,0.8266,,,,,,,,,,,
FDBS_48.d,25-OH D2+PTAD+MA,25-OH D3d3+PTAD+MA,5883,129414,0.0455,1.0377,,,,,,,,,,,
FDBS_49.d,25-OH D2+PTAD+MA,25-OH D3d3+PTAD+MA,4285,131846,0.0325,0.9501,,,,,,,,,,,
FDBS_51.d,25-OH D2+PTAD+MA,25-OH D3d3+PTAD+MA,16868,110027,0.1533,1.7654,,,,,,,,,,,
FDBS_52.d,25-OH D2+PTAD+MA,25-OH D3d3+PTAD+MA,2390,130418,0.0183,0.8542,,,,,,,,,,,
FDBS_53.d,25-OH D2+PTAD+MA,25-OH D3d3+PTAD+MA,5852,126774,0.0462,1.0424,,,,,,,,,,,
LS_Cal_L1.d,25-OH D2+PTAD+MA,25-OH D3d3+PTAD+MA,39644,192028,0.2065,2.1230,1.9531,108.70,,,,,,,,,
LS_Cal_L2.d,25-OH D2+PTAD+MA,25-OH D3d3+PTAD+MA,81249,202319,0.4016,3.4310,3.9063,87.83,,,,,,,,,
LS_Cal_L3.d,25-OH D2+PTAD+MA,25-OH D3d3+PTAD+MA,190509,208343,0.9144,6.8303,7.8125,87.43,,,,,,,,,
LS_Cal_L4.d,25-OH D2+PTAD+MA,25-OH D3d3+PTAD+MA,437098,198977,2.1967,15.1024,15.6250,96.66,,,,,,,,,
LS_Cal_L5.d,25-OH D2+PTAD+MA,25-OH D3d3+PTAD+MA,1167722,194905,5.9912,37.9479,31.2500,121.43,,,,,,,,,
LS_Cal_L6.d,25-OH D2+PTAD+MA,25-OH D3d3+PTAD+MA,2016990,200133,10.0782,60.3775,62.5000,96.60,,,,,,,,,
LS_Cal_L7.d,25-OH D2+PTAD+MA,25-OH D3d3+PTAD+MA,4299278,218529,19.6738,106.7948,125.0000,85.44,,,,,,,,,
LS_Cal_L8.d,25-OH D2+PTAD+MA,25-OH D3d3+PTAD+MA,11887882,206496,57.5696,245.7513,250.0000,98.30,,,,,,,,,
Blk_HS.d,25-OH D2+PTAD+MA,25-OH D3d3+PTAD+MA,105,214114,0.0005,0.7335,,,,,,,,,,,
BR_LTA.d,25-OH D2+PTAD+MA,25-OH D3d3+PTAD+MA,1501,155747,0.0096,0.7954,,,,,,,,,,,
BR_L1.d,25-OH D2+PTAD+MA,25-OH D3d3+PTAD+MA,33981,160826,0.2113,2.1556,,,,,,,,,,,
BR_L2.d,25-OH D2+PTAD+MA,25-OH D3d3+PTAD+MA,128725,143625,0.8963,6.7109,,,,,,,,,,,
BR_L3.d,25-OH D2+PTAD+MA,25-OH D3d3+PTAD+MA,426958,135837,3.1432,21.0152,,,,,,,,,,,
LS_Nist_L1.d,25-OH D2+PTAD+MA,25-OH D3d3+PTAD+MA,1595,142463,0.0112,0.8060,,,,,,,,,,,
LS_Nist_L2.d,25-OH D2+PTAD+MA,25-OH D3d3+PTAD+MA,4026,163372,0.0246,0.8969,,,,,,,,,,,
LS_Nist_L3.d,25-OH D2+PTAD+MA,25-OH D3d3+PTAD+MA,2423,152832,0.0159,0.8375,,,,,,,,,,,
UTAK_LS_low.d,25-OH D2+PTAD+MA,25-OH D3d3+PTAD+MA,124814,136267,0.9159,6.8404,,,,,,,,,,,
UTAK_LS_1.d,25-OH D2+PTAD+MA,25-OH D3d3+PTAD+MA,369419,145183,2.5445,17.2932,,,,,,,,,,,
UTAK_LS_2.d,25-OH D2+PTAD+MA,25-OH D3d3+PTAD+MA,855812,153084,5.5905,35.6366,,,,,,,,,,,
LS_62.d,25-OH D2+PTAD+MA,25-OH D3d3+PTAD+MA,6442,143671,0.0448,1.0335,,,,,,,,,,,
LS_63.d,25-OH D2+PTAD+MA,25-OH D3d3+PTAD+MA,2541,164642,0.0154,0.8347,,,,,,,,,,,
DEQ_421.d,25-OH D2+PTAD+MA,25-OH D3d3+PTAD+MA,3834,147827,0.0259,0.9057,,,,,,,,,,,
DEQ_422.d,25-OH D2+PTAD+MA,25-OH D3d3+PTAD+MA,6869,143982,0.0477,1.0529,,,,,,,,,,,
DEQ_423.d,25-OH D2+PTAD+MA,25-OH D3d3+PTAD+MA,3923,138666,0.0283,0.9216,,,,,,,,,,,
DEQ_426.d,25-OH D2+PTAD+MA,25-OH D3d3+PTAD+MA,6129,129209,0.0474,1.0511,,,,,,,,,,,
DEQ_427.d,25-OH D2+PTAD+MA,25-OH D3d3+PTAD+MA,9202,150782,0.0610,1.1429,,,,,,,,,,,
DEQ_428.d,25-OH D2+PTAD+MA,25-OH D3d3+PTAD+MA,12423,135321,0.0918,1.3507,,,,,,,,,,,
DEQ_429.d,25-OH D2+PTAD+MA,25-OH D3d3+PTAD+MA,3899,125223,0.0311,0.9408,,,,,,,,,,,
DEQ_430.d,25-OH D2+PTAD+MA,25-OH D3d3+PTAD+MA,121983,145511,0.8383,6.3293,,,,,,,,,,,
LS_30.d,25-OH D2+PTAD+MA,25-OH D3d3+PTAD+MA,6967,111048,0.0627,1.1544,,,,,,,,,,,
LS_31.d,25-OH D2+PTAD+MA,25-OH D3d3+PTAD+MA,34302,121669,0.2819,2.6299,,,,,,,,,,,
LS_32.d,25-OH D2+PTAD+MA,25-OH D3d3+PTAD+MA,11395,116983,0.0974,1.3885,,,,,,,,,,,
LS_33.d,25-OH D2+PTAD+MA,25-OH D3d3+PTAD+MA,4513,104143,0.0433,1.0234,,,,,,,,,,,
LS_34.d,25-OH D2+PTAD+MA,25-OH D3d3+PTAD+MA,6716,118367,0.0567,1.1139,,,,,,,,,,,
LS_35.d,25-OH D2+PTAD+MA,25-OH D3d3+PTAD+MA,2295,110186,0.0208,0.8711,,,,,,,,,,,
LS_36.d,25-OH D2+PTAD+MA,25-OH D3d3+PTAD+MA,3861,124751,0.0310,0.9396,,,,,,,,,,,
LS_37.d,25-OH D2+PTAD+MA,25-OH D3d3+PTAD+MA,7730,103775,0.0745,1.2338,,,,,,,,,,,
LS_38.d,25-OH D2+PTAD+MA,25-OH D3d3+PTAD+MA,58861,94223,0.6247,4.9167,,,,,,,,,,,
LS_39.d,25-OH D2+PTAD+MA,25-OH D3d3+PTAD+MA,4371,128276,0.0341,0.9607,,,,,,,,,,,
LS_40.d,25-OH D2+PTAD+MA,25-OH D3d3+PTAD+MA,10157,89546,0.1134,1.4966,,,,,,,,,,,
LS_41.d,25-OH D2+PTAD+MA,25-OH D3d3+PTAD+MA,5135,56579,0.0908,1.3437,,,,,,,,,,,
LS_42.d,25-OH D2+PTAD+MA,25-OH D3d3+PTAD+MA,3774,113293,0.0333,0.9556,,,,,,,,,,,
LS_43.d,25-OH D2+PTAD+MA,25-OH D3d3+PTAD+MA,1878,94756,0.0198,0.8643,,,,,,,,,,,
LS_44.d,25-OH D2+PTAD+MA,25-OH D3d3+PTAD+MA,6021,100104,0.0601,1.1369,,,,,,,,,,,
LS_45.d,25-OH D2+PTAD+MA,25-OH D3d3+PTAD+MA,4821,122896,0.0392,0.9956,,,,,,,,,,,
LS_46.d,25-OH D2+PTAD+MA,25-OH D3d3+PTAD+MA,2481,87192,0.0285,0.9227,,,,,,,,,,,
LS_47.d,25-OH D2+PTAD+MA,25-OH D3d3+PTAD+MA,5601,104821,0.0534,1.0916,,,,,,,,,,,
LS_48.d,25-OH D2+PTAD+MA,25-OH D3d3+PTAD+MA,12485,96365,0.1296,1.6053,,,,,,,,,,,
LS_49.d,25-OH D2+PTAD+MA,25-OH D3d3+PTAD+MA,13748,132742,0.1036,1.4301,,,,,,,,,,,
LS_50.d,25-OH D2+PTAD+MA,25-OH D3d3+PTAD+MA,2220,80837,0.0275,0.9160,,,,,,,,,,,
LS_51.d,25-OH D2+PTAD+MA,25-OH D3d3+PTAD+MA,43095,97849,0.4404,3.6904,,,,,,,,,,,
LS_52.d,25-OH D2+PTAD+MA,25-OH D3d3+PTAD+MA,6987,139981,0.0499,1.0678,,,,,,,,,,,
LS_53.d,25-OH D2+PTAD+MA,25-OH D3d3+PTAD+MA,13115,138719,0.0945,1.3692,,,,,,,,,,,
LS_54.d,25-OH D2+PTAD+MA,25-OH D3d3+PTAD+MA,4292,113088,0.0380,0.9870,,,,,,,,,,,
LS_55.d,25-OH D2+PTAD+MA,25-OH D3d3+PTAD+MA,3387,97214,0.0348,0.9659,,,,,,,,,,,
LS_56.d,25-OH D2+PTAD+MA,25-OH D3d3+PTAD+MA,2700,91815,0.0294,0.9292,,,,,,,,,,,
LS_57.d,25-OH D2+PTAD+MA,25-OH D3d3+PTAD+MA,1448,128100,0.0113,0.8067,,,,,,,,,,,
LS_58.d,25-OH D2+PTAD+MA,25-OH D3d3+PTAD+MA,5981,120626,0.0496,1.0656,,,,,,,,,,,
LS_59.d,25-OH D2+PTAD+MA,25-OH D3d3+PTAD+MA,3976,131111,0.0303,0.9354,,,,,,,,,,,
LS_60.d,25-OH D2+PTAD+MA,25-OH D3d3+PTAD+MA,6544,132744,0.0493,1.0637,,,,,,,,,,,
LS_61.d,25-OH D2+PTAD+MA,25-OH D3d3+PTAD+MA,147042,138613,1.0608,7.7908,,,,,,,,,,,
mid_respchk.d,25-OH D2+PTAD+MA,25-OH D3d3+PTAD+MA,7864,242798,0.0324,0.9493,,,,,,,,,,,
DSS_Nist_L3-r002.d,25-OH D2+PTAD+MA,25-OH D3d3+PTAD+MA,853,129490,0.0066,0.7748,,,,,,,,,,,
UTAK_DS_L1-r001.d,25-OH D2+PTAD+MA,25-OH D3d3+PTAD+MA,127496,132264,0.9639,7.1558,,,,,,,,,,,
UTAK_DS_L1-r002.d,25-OH D2+PTAD+MA,25-OH D3d3+PTAD+MA,135738,141614,0.9585,7.1201,,,,,,,,,,,
UTAK_DS_L2-r001.d,25-OH D2+PTAD+MA,25-OH D3d3+PTAD+MA,314429,128274,2.4512,16.7078,,,,,,,,,,,
UTAK_DS_L2-r002.d,25-OH D2+PTAD+MA,25-OH D3d3+PTAD+MA,316124,131885,2.3970,16.3665,,,,,,,,,,,
UTAK_DS_low-r001.d,25-OH D2+PTAD+MA,25-OH D3d3+PTAD+MA,43932,130368,0.3370,2.9989,,,,,,,,,,,
UTAK_DS_low-r002.d,25-OH D2+PTAD+MA,25-OH D3d3+PTAD+MA,42840,132291,0.3238,2.9108,,,,,,,,,,,
LS_Cal_L1-r001.d,25-OH D2+PTAD+MA,25-OH D3d3+PTAD+MA,40661,194554,0.2090,2.1401,1.9531,109.57,,,,,,,,,
LS_Cal_L1-r002.d,25-OH D2+PTAD+MA,25-OH D3d3+PTAD+MA,41082,198633,0.2068,2.1255,1.9531,108.83,,,,,,,,,
LS_Cal_L2-r001.d,25-OH D2+PTAD+MA,25-OH D3d3+PTAD+MA,83005,214210,0.3875,3.3368,3.9063,85.42,,,,,,,,,
LS_Cal_L2-r002.d,25-OH D2+PTAD+MA,25-OH D3d3+PTAD+MA,84521,223468,0.3782,3.2748,3.9063,83.84,,,,,,,,,
LS_Cal_L3-r001.d,25-OH D2+PTAD+MA,25-OH D3d3+PTAD+MA,186231,204319,0.9115,6.8110,7.8125,87.18,,,,,,,,,
LS_Cal_L3-r002.d,25-OH D2+PTAD+MA,25-OH D3d3+PTAD+MA,206832,232324,0.8903,6.6715,7.8125,85.40,,,,,,,,,
LS_Cal_L4-r001.d,25-OH D2+PTAD+MA,25-OH D3d3+PTAD+MA,416112,187467,2.2197,15.2475,15.6250,97.58,,,,,,,,,
LS_Cal_L4-r002.d,25-OH D2+PTAD+MA,25-OH D3d3+PTAD+MA,427410,176685,2.4191,16.5054,15.6250,105.63,,,,,,,,,
LS_Cal_L5-r001.d,25-OH D2+PTAD+MA,25-OH D3d3+PTAD+MA,1100035,174740,6.2953,39.6866,31.2500,127.00,,,,,,,,,
LS_Cal_L5-r002.d,25-OH D2+PTAD+MA,25-OH D3d3+PTAD+MA,1204797,197105,6.1125,38.6426,31.2500,123.66,,,,,,,,,
LS_Cal_L6-r001.d,25-OH D2+PTAD+MA,25-OH D3d3+PTAD+MA,1978946,188596,10.4930,62.5495,62.5000,100.08,,,,,,,,,
LS_Cal_L6-r002.d,25-OH D2+PTAD+MA,25-OH D3d3+PTAD+MA,1997688,178250,11.2072,66.2487,62.5000,106.00,,,,,,,,,
LS_Cal_L7-r001.d,25-OH D2+PTAD+MA,25-OH D3d3+PTAD+MA,4106058,184461,22.2598,118.1721,125.0000,94.54,,,,,,,,,
LS_Cal_L7-r002.d,25-OH D2+PTAD+MA,25-OH D3d3+PTAD+MA,4107968,185638,22.1290,117.6061,125.0000,94.08,,,,,,,,,
LS_Cal_L8-r001.d,25-OH D2+PTAD+MA,25-OH D3d3+PTAD+MA,11192253,181219,61.7609,258.5786,250.0000,103.43,,,,,,,,,
LS_Cal_L8-r002.d,25-OH D2+PTAD+MA,25-OH D3d3+PTAD+MA,11416643,185773,61.4549,257.6540,250.0000,103.06,,,,,,,,,
Blk_HS-r001.d,25-OH D2+PTAD+MA,25-OH D3d3+PTAD+MA,2271,183923,0.0123,0.8138,,,,,,,,,,,
Blk_HS-r002.d,25-OH D2+PTAD+MA,25-OH D3d3+PTAD+MA,109,209848,0.0005,0.7337,,,,,,,,,,,
BR_LTA-r001.d,25-OH D2+PTAD+MA,25-OH D3d3+PTAD+MA,2852,125258,0.0228,0.8843,,,,,,,,,,,
BR_LTA-r002.d,25-OH D2+PTAD+MA,25-OH D3d3+PTAD+MA,1491,144694,0.0103,0.7999,,,,,,,,,,,
BR_L1-r001.d,25-OH D2+PTAD+MA,25-OH D3d3+PTAD+MA,31367,134470,0.2333,2.3032,,,,,,,,,,,
BR_L1-r002.d,25-OH D2+PTAD+MA,25-OH D3d3+PTAD+MA,30638,152415,0.2010,2.0865,,,,,,,,,,,
BR_L2-r001.d,25-OH D2+PTAD+MA,25-OH D3d3+PTAD+MA,122423,121649,1.0064,7.4341,,,,,,,,,,,
BR_L2-r002.d,25-OH D2+PTAD+MA,25-OH D3d3+PTAD+MA,121822,116119,1.0491,7.7143,,,,,,,,,,,
BR_L3-r001.d,25-OH D2+PTAD+MA,25-OH D3d3+PTAD+MA,377953,116360,3.2481,21.6615,,,,,,,,,,,
BR_L3-r002.d,25-OH D2+PTAD+MA,25-OH D3d3+PTAD+MA,377835,106520,3.5471,23.4924,,,,,,,,,,,
LS_Nist_L1-r001.d,25-OH D2+PTAD+MA,25-OH D3d3+PTAD+MA,7456,116157,0.0642,1.1643,,,,,,,,,,,
LS_Nist_L1-r002.d,25-OH D2+PTAD+MA,25-OH D3d3+PTAD+MA,3810,117874,0.0323,0.9489,,,,,,,,,,,
LS_Nist_L2-r001.d,25-OH D2+PTAD+MA,25-OH D3d3+PTAD+MA,7455,148041,0.0504,1.0708,,,,,,,,,,,
LS_Nist_L2-r002.d,25-OH D2+PTAD+MA,25-OH D3d3+PTAD+MA,8101,145231,0.0558,1.1074,,,,,,,,,,,
LS_Nist_L3-r001.d,25-OH D2+PTAD+MA,25-OH D3d3+PTAD+MA,5895,137828,0.0428,1.0195,,,,,,,,,,,
LS_Nist_L3-r002.d,25-OH D2+PTAD+MA,25-OH D3d3+PTAD+MA,7110,146743,0.0485,1.0579,,,,,,,,,,,
UTAK_LS_Low-r001.d,25-OH D2+PTAD+MA,25-OH D3d3+PTAD+MA,120289,123379,0.9750,7.2281,,,,,,,,,,,
UTAK_LS_Low-r002.d,25-OH D2+PTAD+MA,25-OH D3d3+PTAD+MA,123088,126400,0.9738,7.2205,,,,,,,,,,,
UTAK_LS_1-r001.d,25-OH D2+PTAD+MA,25-OH D3d3+PTAD+MA,374563,137409,2.7259,18.4274,,,,,,,,,,,
UTAK_LS_1-r002.d,25-OH D2+PTAD+MA,25-OH D3d3+PTAD+MA,366268,134579,2.7216,18.4005,,,,,,,,,,,
UTAK_LS_2-r001.d,25-OH D2+PTAD+MA,25-OH D3d3+PTAD+MA,827325,139615,5.9258,37.5717,,,,,,,,,,,
UTAK_LS_2-r002.d,25-OH D2+PTAD+MA,25-OH D3d3+PTAD+MA,833927,135315,6.1629,38.9309,,,,,,,,,,,
LS_62-r001.d,25-OH D2+PTAD+MA,25-OH D3d3+PTAD+MA,9649,130973,0.0737,1.2283,,,,,,,,,,,
LS_62-r002.d,25-OH D2+PTAD+MA,25-OH D3d3+PTAD+MA,9707,136610,0.0711,1.2106,,,,,,,,,,,
LS_63-r001.d,25-OH D2+PTAD+MA,25-OH D3d3+PTAD+MA,6315,134370,0.0470,1.0481,,,,,,,,,,,
LS_63-r002.d,25-OH D2+PTAD+MA,25-OH D3d3+PTAD+MA,6370,133421,0.0477,1.0531,,,,,,,,,,,
DEQ_421-r001.d,25-OH D2+PTAD+MA,25-OH D3d3+PTAD+MA,8934,132404,0.0675,1.1865,,,,,,,,,,,
DEQ_421-r002.d,25-OH D2+PTAD+MA,25-OH D3d3+PTAD+MA,9459,128825,0.0734,1.2266,,,,,,,,,,,
DEQ_422-r001.d,25-OH D2+PTAD+MA,25-OH D3d3+PTAD+MA,9133,133442,0.0684,1.1930,,,,,,,,,,,
DEQ_422-r002.d,25-OH D2+PTAD+MA,25-OH D3d3+PTAD+MA,10805,131566,0.0821,1.2854,,,,,,,,,,,
DEQ_423-r001.d,25-OH D2+PTAD+MA,25-OH D3d3+PTAD+MA,10167,123143,0.0826,1.2883,,,,,,,,,,,
DEQ_423-r002.d,25-OH D2+PTAD+MA,25-OH D3d3+PTAD+MA,7107,125819,0.0565,1.1122,,,,,,,,,,,
DEQ_426-r001.d,25-OH D2+PTAD+MA,25-OH D3d3+PTAD+MA,18699,109716,0.1704,1.8807,,,,,,,,,,,
DEQ_426-r002.d,25-OH D2+PTAD+MA,25-OH D3d3+PTAD+MA,12329,107692,0.1145,1.5037,,,,,,,,,,,
DEQ_427-r001.d,25-OH D2+PTAD+MA,25-OH D3d3+PTAD+MA,12504,136758,0.0914,1.3482,,,,,,,,,,,
DEQ_427-r002.d,25-OH D2+PTAD+MA,25-OH D3d3+PTAD+MA,12318,133189,0.0925,1.3553,,,,,,,,,,,
DEQ_428-r001.d,25-OH D2+PTAD+MA,25-OH D3d3+PTAD+MA,13637,122764,0.1111,1.4808,,,,,,,,,,,
DEQ_428-r002.d,25-OH D2+PTAD+MA,25-OH D3d3+PTAD+MA,11852,123794,0.0957,1.3773,,,,,,,,,,,
DEQ_429-r001.d,25-OH D2+PTAD+MA,25-OH D3d3+PTAD+MA,12184,125315,0.0972,1.3873,,,,,,,,,,,
DEQ_429-r002.d,25-OH D2+PTAD+MA,25-OH D3d3+PTAD+MA,4007,132640,0.0302,0.9346,,,,,,,,,,,
DEQ_430-r001.d,25-OH D2+PTAD+MA,25-OH D3d3+PTAD+MA,113974,148382,0.7681,5.8661,,,,,,,,,,,
DEQ_430-r002.d,25-OH D2+PTAD+MA,25-OH D3d3+PTAD+MA,116294,155391,0.7484,5.7358,,,,,,,,,,,
LS_30-r001.d,25-OH D2+PTAD+MA,25-OH D3d3+PTAD+MA,6526,124570,0.0524,1.0845,,,,,,,,,,,
LS_30-r002.d,25-OH D2+PTAD+MA,25-OH D3d3+PTAD+MA,7694,121468,0.0633,1.1585,,,,,,,,,,,
LS_31-r001.d,25-OH D2+PTAD+MA,25-OH D3d3+PTAD+MA,35331,133737,0.2642,2.5108,,,,,,,,,,,
LS_31-r002.d,25-OH D2+PTAD+MA,25-OH D3d3+PTAD+MA,36502,130140,0.2805,2.6202,,,,,,,,,,,
LS_32-r001.d,25-OH D2+PTAD+MA,25-OH D3d3+PTAD+MA,11434,113585,0.1007,1.4105,,,,,,,,,,,
LS_32-r002.d,25-OH D2+PTAD+MA,25-OH D3d3+PTAD+MA,11460,115594,0.0991,1.4002,,,,,,,,,,,
LS_33-r001.d,25-OH D2+PTAD+MA,25-OH D3d3+PTAD+MA,4137,97289,0.0425,1.0179,,,,,,,,,,,
LS_33-r002.d,25-OH D2+PTAD+MA,25-OH D3d3+PTAD+MA,3980,94386,0.0422,1.0155,,,,,,,,,,,
LS_34-r001.d,25-OH D2+PTAD+MA,25-OH D3d3+PTAD+MA,6228,103082,0.0604,1.1388,,,,,,,,,,,
LS_34-r002.d,25-OH D2+PTAD+MA,25-OH D3d3+PTAD+MA,6394,106766,0.0599,1.1352,,,,,,,,,,,
LS_35-r001.d,25-OH D2+PTAD+MA,25-OH D3d3+PTAD+MA,2269,95895,0.0237,0.8903,,,,,,,,,,,
LS_35-r002.d,25-OH D2+PTAD+MA,25-OH D3d3+PTAD+MA,2062,99253,0.0208,0.8708,,,,,,,,,,,
LS_36-r001.d,25-OH D2+PTAD+MA,25-OH D3d3+PTAD+MA,2856,110482,0.0259,0.9051,,,,,,,,,,,
LS_36-r002.d,25-OH D2+PTAD+MA,25-OH D3d3+PTAD+MA,3182,114652,0.0278,0.9180,,,,,,,,,,,
LS_37-r001.d,25-OH D2+PTAD+MA,25-OH D3d3+PTAD+MA,6410,82869,0.0774,1.2532,,,,,,,,,,,
LS_37-r002.d,25-OH D2+PTAD+MA,25-OH D3d3+PTAD+MA,5882,83141,0.0707,1.2086,,,,,,,,,,,
LS_38-r001.d,25-OH D2+PTAD+MA,25-OH D3d3+PTAD+MA,63496,106980,0.5935,4.7098,,,,,,,,,,,
LS_38-r002.d,25-OH D2+PTAD+MA,25-OH D3d3+PTAD+MA,67062,116943,0.5735,4.5764,,,,,,,,,,,
LS_39-r001.d,25-OH D2+PTAD+MA,25-OH D3d3+PTAD+MA,3421,123085,0.0278,0.9183,,,,,,,,,,,
LS_39-r002.d,25-OH D2+PTAD+MA,25-OH D3d3+PTAD+MA,3609,123366,0.0293,0.9281,,,,,,,,,,,
LS_40-r001.d,25-OH D2+PTAD+MA,25-OH D3d3+PTAD+MA,11273,119540,0.0943,1.3676,,,,,,,,,,,
LS_40-r002.d,25-OH D2+PTAD+MA,25-OH D3d3+PTAD+MA,11570,117518,0.0985,1.3956,,,,,,,,,,,
LS_41-r001.d,25-OH D2+PTAD+MA,25-OH D3d3+PTAD+MA,7497,121130,0.0619,1.1487,,,,,,,,,,,
LS_41-r002.d,25-OH D2+PTAD+MA,25-OH D3d3+PTAD+MA,8173,129213,0.0633,1.1579,,,,,,,,,,,
LS_42-r001.d,25-OH D2+PTAD+MA,25-OH D3d3+PTAD+MA,2687,107110,0.0251,0.9000,,,,,,,,,,,
LS_42-r002.d,25-OH D2+PTAD+MA,25-OH D3d3+PTAD+MA,3047,106819,0.0285,0.9232,,,,,,,,,,,
LS_43-r001.d,25-OH D2+PTAD+MA,25-OH D3d3+PTAD+MA,1626,101831,0.0160,0.8383,,,,,,,,,,,
LS_43-r002.d,25-OH D2+PTAD+MA,25-OH D3d3+PTAD+MA,1628,101731,0.0160,0.8385,,,,,,,,,,,
LS_44-r001.d,25-OH D2+PTAD+MA,25-OH D3d3+PTAD+MA,6825,120453,0.0567,1.1134,,,,,,,,,,,
LS_44-r002.d,25-OH D2+PTAD+MA,25-OH D3d3+PTAD+MA,6825,120627,0.0566,1.1129,,,,,,,,,,,
LS_45-r001.d,25-OH D2+PTAD+MA,25-OH D3d3+PTAD+MA,4315,126315,0.0342,0.9613,,,,,,,,,,,
LS_45-r002.d,25-OH D2+PTAD+MA,25-OH D3d3+PTAD+MA,4199,121499,0.0346,0.9640,,,,,,,,,,,
LS_46-r001.d,25-OH D2+PTAD+MA,25-OH D3d3+PTAD+MA,2588,117100,0.0221,0.8797,,,,,,,,,,,
LS_46-r002.d,25-OH D2+PTAD+MA,25-OH D3d3+PTAD+MA,3004,129861,0.0231,0.8867,,,,,,,,,,,
LS_47-r001.d,25-OH D2+PTAD+MA,25-OH D3d3+PTAD+MA,4968,117904,0.0421,1.0152,,,,,,,,,,,
LS_47-r002.d,25-OH D2+PTAD+MA,25-OH D3d3+PTAD+MA,5065,117233,0.0432,1.0224,,,,,,,,,,,
LS_48-r001.d,25-OH D2+PTAD+MA,25-OH D3d3+PTAD+MA,17568,129718,0.1354,1.6449,,,,,,,,,,,
LS_48-r002.d,25-OH D2+PTAD+MA,25-OH D3d3+PTAD+MA,15689,127324,0.1232,1.5626,,,,,,,,,,,
LS_49-r001.d,25-OH D2+PTAD+MA,25-OH D3d3+PTAD+MA,12705,132630,0.0958,1.3776,,,,,,,,,,,
LS_49-r002.d,25-OH D2+PTAD+MA,25-OH D3d3+PTAD+MA,12929,134023,0.0965,1.3822,,,,,,,,,,,
LS_50-r001.d,25-OH D2+PTAD+MA,25-OH D3d3+PTAD+MA,2641,115055,0.0230,0.8855,,,,,,,,,,,
LS_50-r002.d,25-OH D2+PTAD+MA,25-OH D3d3+PTAD+MA,2521,109789,0.0230,0.8856,,,,,,,,,,,
LS_51-r001.d,25-OH D2+PTAD+MA,25-OH D3d3+PTAD+MA,53281,119781,0.4448,3.7197,,,,,,,,,,,
LS_51-r002.d,25-OH D2+PTAD+MA,25-OH D3d3+PTAD+MA,51376,116880,0.4396,3.6847,,,,,,,,,,,
LS_52-r001.d,25-OH D2+PTAD+MA,25-OH D3d3+PTAD+MA,6158,132043,0.0466,1.0457,,,,,,,,,,,
LS_52-r002.d,25-OH D2+PTAD+MA,25-OH D3d3+PTAD+MA,6446,138812,0.0464,1.0443,,,,,,,,,,,
LS_53-r001.d,25-OH D2+PTAD+MA,25-OH D3d3+PTAD+MA,9810,116264,0.0844,1.3006,,,,,,,,,,,
LS_53-r002.d,25-OH D2+PTAD+MA,25-OH D3d3+PTAD+MA,12429,112181,0.1108,1.4788,,,,,,,,,,,
LS_54-r001.d,25-OH D2+PTAD+MA,25-OH D3d3+PTAD+MA,4449,100980,0.0441,1.0282,,,,,,,,,,,
LS_54-r002.d,25-OH D2+PTAD+MA,25-OH D3d3+PTAD+MA,9047,100880,0.0897,1.3364,,,,,,,,,,,
LS_55-r001.d,25-OH D2+PTAD+MA,25-OH D3d3+PTAD+MA,2713,91850,0.0295,0.9301,,,,,,,,,,,
LS_55-r002.d,25-OH D2+PTAD+MA,25-OH D3d3+PTAD+MA,2496,98542,0.0253,0.9016,,,,,,,,,,,
LS_56-r001.d,25-OH D2+PTAD+MA,25-OH D3d3+PTAD+MA,2809,88722,0.0317,0.9444,,,,,,,,,,,
LS_56-r002.d,25-OH D2+PTAD+MA,25-OH D3d3+PTAD+MA,5258,87099,0.0604,1.1385,,,,,,,,,,,
LS_57-r001.d,25-OH D2+PTAD+MA,25-OH D3d3+PTAD+MA,1324,132757,0.0100,0.7977,,,,,,,,,,,
LS_57-r002.d,25-OH D2+PTAD+MA,25-OH D3d3+PTAD+MA,1297,140667,0.0092,0.7926,,,,,,,,,,,
LS_58-r001.d,25-OH D2+PTAD+MA,25-OH D3d3+PTAD+MA,5029,123038,0.0409,1.0067,,,,,,,,,,,
LS_58-r002.d,25-OH D2+PTAD+MA,25-OH D3d3+PTAD+MA,5174,115806,0.0447,1.0324,,,,,,,,,,,
LS_59-r001.d,25-OH D2+PTAD+MA,25-OH D3d3+PTAD+MA,3102,124675,0.0249,0.8985,,,,,,,,,,,
LS_59-r002.d,25-OH D2+PTAD+MA,25-OH D3d3+PTAD+MA,3049,121150,0.0252,0.9005,,,,,,,,,,,
LS_60-r001.d,25-OH D2+PTAD+MA,25-OH D3d3+PTAD+MA,4471,106219,0.0421,1.0149,,,,,,,,,,,
LS_60-r002.d,25-OH D2+PTAD+MA,25-OH D3d3+PTAD+MA,4779,112855,0.0423,1.0167,,,,,,,,,,,
LS_61-r001.d,25-OH D2+PTAD+MA,25-OH D3d3+PTAD+MA,97830,104508,0.9361,6.9729,,,,,,,,,,,
LS_61-r002.d,25-OH D2+PTAD+MA,25-OH D3d3+PTAD+MA,94627,98485,0.9608,7.1353,,,,,,,,,,,
post_respchk.d,25-OH D2+PTAD+MA,25-OH D3d3+PTAD+MA,6567,231748,0.0283,0.9219,,,,,,,,,,,
,,,,,,,,,,,,,,,,,
,,,,,,,,,,,,,,,,,
