Analysis Time,7/13/2017 9:55,,,,,,,,,,,,,,,,,
Analyst Name,MassHunter01\Agilent,,,,,,,,,,,,,,,,,
Batch Data Path,D:\MassHunter\GCMS\Terpenes\2017\July\20170711\QuantResults\20170711 Sample Workup,,,,,,,,,,,,,,,,,
Batch Name,20170711 Sample Workup,,,,,,,,,,,,,,,,,
Batch State,Processed,,,,,,,,,,,,,,,,,
Calibration Last Updated Time,6/29/2017 15:57,,,,,,,,,,,,,,,,,
Report Generation Time,1/1/0001 12:00:00 AM,,,,,,,,,,,,,,,,,
Report Generator Name,None,,,,,,,,,,,,,,,,,
Report Results Data Path,None,,,,,,,,,,,,,,,,,
SchemaVersion,65586,,,,,,,,,,,,,,,,,
Quant Batch Version,B.08.00,,,,,,,,,,,,,,,,,
Quant Report Version,B.08.00,,,,,,,,,,,,,,,,,
,,,,,,,,,,,,,,,,,,
,,,,,,,,,,,,,,,,,,
SampleID,CompoundID,SampleName,Compound,CalculatedConcentration,FinalConcentration,Dilution,AcqOperator,DataPathName,DataFileName,AcqDateTime,Failed Ratios Outlier Flag,InstrumentName,CompoundType,CompoundGroupSurrogateRecoveryOutlier(High/Low),SurrogatePercentRecovery,OutlierOutOfCalibrationRange(Low/High),CurveFitLimitLow,ISTDRespOutlier(high/Low)
0,6,Check Standard Lot# 1,alphaPinene,0.003082313,0.003082313,1,HCT,D:\MassHunter\GCMS\Terpenes\2017\July\20170711,20170711_qc1.D,7/11/2017 16:52,FALSE,gcms_fid,Target,,,,,0.00025
0,14,Check Standard Lot# 1,Camphene,0.003150832,0.003150832,1,HCT,D:\MassHunter\GCMS\Terpenes\2017\July\20170711,20170711_qc1.D,7/11/2017 16:52,FALSE,gcms_fid,Target,,,,,0.00025
0,25,Check Standard Lot# 1,betaMyrcene,0.003201312,0.003201312,1,HCT,D:\MassHunter\GCMS\Terpenes\2017\July\20170711,20170711_qc1.D,7/11/2017 16:52,FALSE,gcms_fid,Target,,,,,0.00025
0,26,Check Standard Lot# 1,betaPinene,0.003138256,0.003138256,1,HCT,D:\MassHunter\GCMS\Terpenes\2017\July\20170711,20170711_qc1.D,7/11/2017 16:52,FALSE,gcms_fid,Target,,,,,0.00025
0,27,Check Standard Lot# 1,delta3Carene,0.003194002,0.003194002,1,HCT,D:\MassHunter\GCMS\Terpenes\2017\July\20170711,20170711_qc1.D,7/11/2017 16:52,FALSE,gcms_fid,Target,,,,,0.00025
0,28,Check Standard Lot# 1,alphaTerpinene,0.003220339,0.003220339,1,HCT,D:\MassHunter\GCMS\Terpenes\2017\July\20170711,20170711_qc1.D,7/11/2017 16:52,FALSE,gcms_fid,Target,,,,,0.00025
0,29,Check Standard Lot# 1,Limonene,0.003234578,0.003234578,1,HCT,D:\MassHunter\GCMS\Terpenes\2017\July\20170711,20170711_qc1.D,7/11/2017 16:52,FALSE,gcms_fid,Target,,,,,0.00025
0,30,Check Standard Lot# 1,Ocimene2B,0.003274562,0.003274562,1,HCT,D:\MassHunter\GCMS\Terpenes\2017\July\20170711,20170711_qc1.D,7/11/2017 16:52,FALSE,gcms_fid,Target,,,,,0.00025
0,31,Check Standard Lot# 1,pCymene,0.003233379,0.003233379,1,HCT,D:\MassHunter\GCMS\Terpenes\2017\July\20170711,20170711_qc1.D,7/11/2017 16:52,FALSE,gcms_fid,Target,,,,,0.00025
0,32,Check Standard Lot# 1,Eucalyptol,0.003322564,0.003322564,1,HCT,D:\MassHunter\GCMS\Terpenes\2017\July\20170711,20170711_qc1.D,7/11/2017 16:52,FALSE,gcms_fid,Target,,,,,0.00025
0,33,Check Standard Lot# 1,gammaTerpinene,0.003256089,0.003256089,1,HCT,D:\MassHunter\GCMS\Terpenes\2017\July\20170711,20170711_qc1.D,7/11/2017 16:52,FALSE,gcms_fid,Target,,,,,0.00025
0,34,Check Standard Lot# 1,Terpinolene,0.003432459,0.003432459,1,HCT,D:\MassHunter\GCMS\Terpenes\2017\July\20170711,20170711_qc1.D,7/11/2017 16:52,FALSE,gcms_fid,Target,,,,,0.00025
0,35,Check Standard Lot# 1,Linalool,0.003411837,0.003411837,1,HCT,D:\MassHunter\GCMS\Terpenes\2017\July\20170711,20170711_qc1.D,7/11/2017 16:52,FALSE,gcms_fid,Target,,,,,0.00025
0,36,Check Standard Lot# 1,Isopulegol,0.003397245,0.003397245,1,HCT,D:\MassHunter\GCMS\Terpenes\2017\July\20170711,20170711_qc1.D,7/11/2017 16:52,FALSE,gcms_fid,Target,,,,,0.00025
0,37,Check Standard Lot# 1,Geraniol,0.003315077,0.003315077,1,HCT,D:\MassHunter\GCMS\Terpenes\2017\July\20170711,20170711_qc1.D,7/11/2017 16:52,FALSE,gcms_fid,Target,,,,,0.00025
0,38,Check Standard Lot# 1,betaCaryophyllene,0.003456046,0.003456046,1,HCT,D:\MassHunter\GCMS\Terpenes\2017\July\20170711,20170711_qc1.D,7/11/2017 16:52,FALSE,gcms_fid,Target,,,,,0.00025
0,39,Check Standard Lot# 1,alphaHumulene,0.003609248,0.003609248,1,HCT,D:\MassHunter\GCMS\Terpenes\2017\July\20170711,20170711_qc1.D,7/11/2017 16:52,FALSE,gcms_fid,Target,,,,,0.00025
0,40,Check Standard Lot# 1,Nerolidol,0.003387549,0.003387549,1,HCT,D:\MassHunter\GCMS\Terpenes\2017\July\20170711,20170711_qc1.D,7/11/2017 16:52,FALSE,gcms_fid,Target,,,,,0.00025
0,41,Check Standard Lot# 1,Guaiol,0.003417405,0.003417405,1,HCT,D:\MassHunter\GCMS\Terpenes\2017\July\20170711,20170711_qc1.D,7/11/2017 16:52,FALSE,gcms_fid,Target,,,,,0.00025
0,42,Check Standard Lot# 1,Caryophylleneoxide,0.003281887,0.003281887,1,HCT,D:\MassHunter\GCMS\Terpenes\2017\July\20170711,20170711_qc1.D,7/11/2017 16:52,FALSE,gcms_fid,Target,,,,,0.00025
0,43,Check Standard Lot# 1,alphaBisabolol,0.003401166,0.003401166,1,HCT,D:\MassHunter\GCMS\Terpenes\2017\July\20170711,20170711_qc1.D,7/11/2017 16:52,FALSE,gcms_fid,Target,,,,,0.00025
1,6,1-17-03460-001,alphaPinene,2.73E-05,0.021022781,1,HCT,D:\MassHunter\GCMS\Terpenes\2017\July\20170711,20170711_13.D,7/11/2017 21:20,FALSE,gcms_fid,Target,,,,Low,0.00025
1,14,1-17-03460-001,Camphene,,ND,1,HCT,D:\MassHunter\GCMS\Terpenes\2017\July\20170711,20170711_13.D,7/11/2017 21:20,FALSE,gcms_fid,Target,,,,,0.00025
1,25,1-17-03460-001,betaMyrcene,4.77E-05,0.036704447,1,HCT,D:\MassHunter\GCMS\Terpenes\2017\July\20170711,20170711_13.D,7/11/2017 21:20,FALSE,gcms_fid,Target,,,,Low,0.00025
1,26,1-17-03460-001,betaPinene,1.33E-05,0.010265424,1,HCT,D:\MassHunter\GCMS\Terpenes\2017\July\20170711,20170711_13.D,7/11/2017 21:20,FALSE,gcms_fid,Target,,,,Low,0.00025
1,27,1-17-03460-001,delta3Carene,3.01E-05,0.023142513,1,HCT,D:\MassHunter\GCMS\Terpenes\2017\July\20170711,20170711_13.D,7/11/2017 21:20,FALSE,gcms_fid,Target,,,,Low,0.00025
1,28,1-17-03460-001,alphaTerpinene,3.13E-05,0.024054965,1,HCT,D:\MassHunter\GCMS\Terpenes\2017\July\20170711,20170711_13.D,7/11/2017 21:20,FALSE,gcms_fid,Target,,,,Low,0.00025
1,29,1-17-03460-001,Limonene,4.72E-05,0.036342622,1,HCT,D:\MassHunter\GCMS\Terpenes\2017\July\20170711,20170711_13.D,7/11/2017 21:20,FALSE,gcms_fid,Target,,,,Low,0.00025
1,30,1-17-03460-001,Ocimene2B,5.95E-05,0.045776908,1,HCT,D:\MassHunter\GCMS\Terpenes\2017\July\20170711,20170711_13.D,7/11/2017 21:20,FALSE,gcms_fid,Target,,,,Low,0.00025
1,31,1-17-03460-001,pCymene,3.67E-05,0.02824532,1,HCT,D:\MassHunter\GCMS\Terpenes\2017\July\20170711,20170711_13.D,7/11/2017 21:20,FALSE,gcms_fid,Target,,,,Low,0.00025
1,32,1-17-03460-001,Eucalyptol,5.00E-05,0.038451666,1,HCT,D:\MassHunter\GCMS\Terpenes\2017\July\20170711,20170711_13.D,7/11/2017 21:20,FALSE,gcms_fid,Target,,,,Low,0.00025
1,33,1-17-03460-001,gammaTerpinene,,ND,1,HCT,D:\MassHunter\GCMS\Terpenes\2017\July\20170711,20170711_13.D,7/11/2017 21:20,FALSE,gcms_fid,Target,,,,,0.00025
1,34,1-17-03460-001,Terpinolene,3.95E-05,0.030361525,1,HCT,D:\MassHunter\GCMS\Terpenes\2017\July\20170711,20170711_13.D,7/11/2017 21:20,FALSE,gcms_fid,Target,,,,Low,0.00025
1,35,1-17-03460-001,Linalool,4.99E-05,0.038368265,1,HCT,D:\MassHunter\GCMS\Terpenes\2017\July\20170711,20170711_13.D,7/11/2017 21:20,FALSE,gcms_fid,Target,,,,Low,0.00025
1,36,1-17-03460-001,Isopulegol,5.95E-05,0.0457429,1,HCT,D:\MassHunter\GCMS\Terpenes\2017\July\20170711,20170711_13.D,7/11/2017 21:20,FALSE,gcms_fid,Target,,,,Low,0.00025
1,37,1-17-03460-001,Geraniol,9.75E-05,0.074979253,1,HCT,D:\MassHunter\GCMS\Terpenes\2017\July\20170711,20170711_13.D,7/11/2017 21:20,FALSE,gcms_fid,Target,,,,Low,0.00025
1,38,1-17-03460-001,betaCaryophyllene,2.99E-05,0.023021882,1,HCT,D:\MassHunter\GCMS\Terpenes\2017\July\20170711,20170711_13.D,7/11/2017 21:20,FALSE,gcms_fid,Target,,,,Low,0.00025
1,39,1-17-03460-001,alphaHumulene,0,0,1,HCT,D:\MassHunter\GCMS\Terpenes\2017\July\20170711,20170711_13.D,7/11/2017 21:20,FALSE,gcms_fid,Target,,,,Low,0.00025
1,40,1-17-03460-001,Nerolidol,4.40E-05,0.033864444,1,HCT,D:\MassHunter\GCMS\Terpenes\2017\July\20170711,20170711_13.D,7/11/2017 21:20,FALSE,gcms_fid,Target,,,,Low,0.00025
1,41,1-17-03460-001,Guaiol,0,0,1,HCT,D:\MassHunter\GCMS\Terpenes\2017\July\20170711,20170711_13.D,7/11/2017 21:20,FALSE,gcms_fid,Target,,,,Low,0.00025
1,42,1-17-03460-001,Caryophylleneoxide,2.12E-05,0.016294639,1,HCT,D:\MassHunter\GCMS\Terpenes\2017\July\20170711,20170711_13.D,7/11/2017 21:20,FALSE,gcms_fid,Target,,,,Low,0.00025
1,43,1-17-03460-001,alphaBisabolol,0,0,1,HCT,D:\MassHunter\GCMS\Terpenes\2017\July\20170711,20170711_13.D,7/11/2017 21:20,FALSE,gcms_fid,Target,,,,Low,0.00025
2,6,1-17-03461-001,alphaPinene,0.002816486,2.011776003,1,HCT,D:\MassHunter\GCMS\Terpenes\2017\July\20170711,20170711_14.D,7/11/2017 21:35,FALSE,gcms_fid,Target,,,,,0.00025
2,14,1-17-03461-001,Camphene,0.000879535,0.628239189,1,HCT,D:\MassHunter\GCMS\Terpenes\2017\July\20170711,20170711_14.D,7/11/2017 21:35,FALSE,gcms_fid,Target,,,,,0.00025
2,25,1-17-03461-001,betaMyrcene,0.004164556,2.974682651,1,HCT,D:\MassHunter\GCMS\Terpenes\2017\July\20170711,20170711_14.D,7/11/2017 21:35,FALSE,gcms_fid,Target,,,,,0.00025
2,26,1-17-03461-001,betaPinene,0.005026397,3.590283508,1,HCT,D:\MassHunter\GCMS\Terpenes\2017\July\20170711,20170711_14.D,7/11/2017 21:35,FALSE,gcms_fid,Target,,,,,0.00025
2,27,1-17-03461-001,delta3Carene,4.00E-05,0.028550343,1,HCT,D:\MassHunter\GCMS\Terpenes\2017\July\20170711,20170711_14.D,7/11/2017 21:35,FALSE,gcms_fid,Target,,,,Low,0.00025
2,28,1-17-03461-001,alphaTerpinene,6.81E-05,0.048668999,1,HCT,D:\MassHunter\GCMS\Terpenes\2017\July\20170711,20170711_14.D,7/11/2017 21:35,FALSE,gcms_fid,Target,,,,Low,0.00025
2,29,1-17-03461-001,Limonene,0.014806118,10.57579881,1,HCT,D:\MassHunter\GCMS\Terpenes\2017\July\20170711,20170711_14.D,7/11/2017 21:35,FALSE,gcms_fid,Target,,,,,0.00025
2,30,1-17-03461-001,Ocimene2B,0.000127357,0.090969498,1,HCT,D:\MassHunter\GCMS\Terpenes\2017\July\20170711,20170711_14.D,7/11/2017 21:35,FALSE,gcms_fid,Target,,,,Low,0.00025
2,31,1-17-03461-001,pCymene,3.63E-05,0.025956249,1,HCT,D:\MassHunter\GCMS\Terpenes\2017\July\20170711,20170711_14.D,7/11/2017 21:35,FALSE,gcms_fid,Target,,,,Low,0.00025
2,32,1-17-03461-001,Eucalyptol,0.000260512,0.186079999,1,HCT,D:\MassHunter\GCMS\Terpenes\2017\July\20170711,20170711_14.D,7/11/2017 21:35,FALSE,gcms_fid,Target,,,,,0.00025
2,33,1-17-03461-001,gammaTerpinene,8.92E-05,0.063718407,1,HCT,D:\MassHunter\GCMS\Terpenes\2017\July\20170711,20170711_14.D,7/11/2017 21:35,FALSE,gcms_fid,Target,,,,Low,0.00025
2,34,1-17-03461-001,Terpinolene,0.000272375,0.194553447,1,HCT,D:\MassHunter\GCMS\Terpenes\2017\July\20170711,20170711_14.D,7/11/2017 21:35,FALSE,gcms_fid,Target,,,,,0.00025
2,35,1-17-03461-001,Linalool,0.004595072,3.28219454,1,HCT,D:\MassHunter\GCMS\Terpenes\2017\July\20170711,20170711_14.D,7/11/2017 21:35,FALSE,gcms_fid,Target,,,,,0.00025
2,36,1-17-03461-001,Isopulegol,7.78E-05,0.055603511,1,HCT,D:\MassHunter\GCMS\Terpenes\2017\July\20170711,20170711_14.D,7/11/2017 21:35,FALSE,gcms_fid,Target,,,,Low,0.00025
2,37,1-17-03461-001,Geraniol,0.000145954,0.104252998,1,HCT,D:\MassHunter\GCMS\Terpenes\2017\July\20170711,20170711_14.D,7/11/2017 21:35,FALSE,gcms_fid,Target,,,,Low,0.00025
2,38,1-17-03461-001,betaCaryophyllene,0.012481305,8.915217592,1,HCT,D:\MassHunter\GCMS\Terpenes\2017\July\20170711,20170711_14.D,7/11/2017 21:35,FALSE,gcms_fid,Target,,,,,0.00025
2,39,1-17-03461-001,alphaHumulene,0.002989453,2.135323334,1,HCT,D:\MassHunter\GCMS\Terpenes\2017\July\20170711,20170711_14.D,7/11/2017 21:35,FALSE,gcms_fid,Target,,,,,0.00025
2,40,1-17-03461-001,Nerolidol,0.002318796,1.656283071,1,HCT,D:\MassHunter\GCMS\Terpenes\2017\July\20170711,20170711_14.D,7/11/2017 21:35,FALSE,gcms_fid,Target,,,,,0.00025
2,41,1-17-03461-001,Guaiol,0,0,1,HCT,D:\MassHunter\GCMS\Terpenes\2017\July\20170711,20170711_14.D,7/11/2017 21:35,FALSE,gcms_fid,Target,,,,Low,0.00025
2,42,1-17-03461-001,Caryophylleneoxide,2.83E-05,0.020245762,1,HCT,D:\MassHunter\GCMS\Terpenes\2017\July\20170711,20170711_14.D,7/11/2017 21:35,FALSE,gcms_fid,Target,,,,Low,0.00025
2,43,1-17-03461-001,alphaBisabolol,0.000743219,0.53087079,1,HCT,D:\MassHunter\GCMS\Terpenes\2017\July\20170711,20170711_14.D,7/11/2017 21:35,FALSE,gcms_fid,Target,,,,,0.00025
3,6,1-17-03459-001,alphaPinene,0.006523586,6.523586393,1,HCT,D:\MassHunter\GCMS\Terpenes\2017\July\20170711,20170711_15.D,7/11/2017 21:50,FALSE,gcms_fid,Target,,,,,0.00025
3,14,1-17-03459-001,Camphene,0.000625366,0.625366183,1,HCT,D:\MassHunter\GCMS\Terpenes\2017\July\20170711,20170711_15.D,7/11/2017 21:50,FALSE,gcms_fid,Target,,,,,0.00025
3,25,1-17-03459-001,betaMyrcene,0.111074179,111.0741792,1,HCT,D:\MassHunter\GCMS\Terpenes\2017\July\20170711,20170711_15.D,7/11/2017 21:50,FALSE,gcms_fid,Target,,,,High,0.00025
3,26,1-17-03459-001,betaPinene,0.006265298,6.265297853,1,HCT,D:\MassHunter\GCMS\Terpenes\2017\July\20170711,20170711_15.D,7/11/2017 21:50,FALSE,gcms_fid,Target,,,,,0.00025
3,27,1-17-03459-001,delta3Carene,0.000267571,0.267570631,1,HCT,D:\MassHunter\GCMS\Terpenes\2017\July\20170711,20170711_15.D,7/11/2017 21:50,FALSE,gcms_fid,Target,,,,,0.00025
3,28,1-17-03459-001,alphaTerpinene,0.000337247,0.337247405,1,HCT,D:\MassHunter\GCMS\Terpenes\2017\July\20170711,20170711_15.D,7/11/2017 21:50,FALSE,gcms_fid,Target,,,,,0.00025
3,29,1-17-03459-001,Limonene,0.015752441,15.75244089,1,HCT,D:\MassHunter\GCMS\Terpenes\2017\July\20170711,20170711_15.D,7/11/2017 21:50,FALSE,gcms_fid,Target,,,,,0.00025
3,30,1-17-03459-001,Ocimene2B,0.007767971,7.767970526,1,HCT,D:\MassHunter\GCMS\Terpenes\2017\July\20170711,20170711_15.D,7/11/2017 21:50,FALSE,gcms_fid,Target,,,,,0.00025
3,31,1-17-03459-001,pCymene,0.000179623,0.179623089,1,HCT,D:\MassHunter\GCMS\Terpenes\2017\July\20170711,20170711_15.D,7/11/2017 21:50,FALSE,gcms_fid,Target,,,,Low,0.00025
3,32,1-17-03459-001,Eucalyptol,0.000151682,0.151681615,1,HCT,D:\MassHunter\GCMS\Terpenes\2017\July\20170711,20170711_15.D,7/11/2017 21:50,FALSE,gcms_fid,Target,,,,Low,0.00025
3,33,1-17-03459-001,gammaTerpinene,0.00021719,0.217189694,1,HCT,D:\MassHunter\GCMS\Terpenes\2017\July\20170711,20170711_15.D,7/11/2017 21:50,FALSE,gcms_fid,Target,,,,Low,0.00025
3,34,1-17-03459-001,Terpinolene,0.002181062,2.181061536,1,HCT,D:\MassHunter\GCMS\Terpenes\2017\July\20170711,20170711_15.D,7/11/2017 21:50,FALSE,gcms_fid,Target,,,,,0.00025
3,35,1-17-03459-001,Linalool,0.010345844,10.34584392,1,HCT,D:\MassHunter\GCMS\Terpenes\2017\July\20170711,20170711_15.D,7/11/2017 21:50,FALSE,gcms_fid,Target,,,,,0.00025
3,36,1-17-03459-001,Isopulegol,0.000292223,0.29222332,1,HCT,D:\MassHunter\GCMS\Terpenes\2017\July\20170711,20170711_15.D,7/11/2017 21:50,FALSE,gcms_fid,Target,,,,,0.00025
3,37,1-17-03459-001,Geraniol,0.000108759,0.108758718,1,HCT,D:\MassHunter\GCMS\Terpenes\2017\July\20170711,20170711_15.D,7/11/2017 21:50,FALSE,gcms_fid,Target,,,,Low,0.00025
3,38,1-17-03459-001,betaCaryophyllene,0.015649661,15.64966096,1,HCT,D:\MassHunter\GCMS\Terpenes\2017\July\20170711,20170711_15.D,7/11/2017 21:50,FALSE,gcms_fid,Target,,,,,0.00025
3,39,1-17-03459-001,alphaHumulene,0.003985245,3.985244542,1,HCT,D:\MassHunter\GCMS\Terpenes\2017\July\20170711,20170711_15.D,7/11/2017 21:50,FALSE,gcms_fid,Target,,,,,0.00025
3,40,1-17-03459-001,Nerolidol,0.001256343,1.256342662,1,HCT,D:\MassHunter\GCMS\Terpenes\2017\July\20170711,20170711_15.D,7/11/2017 21:50,FALSE,gcms_fid,Target,,,,,0.00025
3,41,1-17-03459-001,Guaiol,0.000217509,0.217509214,1,HCT,D:\MassHunter\GCMS\Terpenes\2017\July\20170711,20170711_15.D,7/11/2017 21:50,FALSE,gcms_fid,Target,,,,Low,0.00025
3,42,1-17-03459-001,Caryophylleneoxide,3.77E-05,0.037718797,1,HCT,D:\MassHunter\GCMS\Terpenes\2017\July\20170711,20170711_15.D,7/11/2017 21:50,FALSE,gcms_fid,Target,,,,Low,0.00025
3,43,1-17-03459-001,alphaBisabolol,0.000993183,0.993182699,1,HCT,D:\MassHunter\GCMS\Terpenes\2017\July\20170711,20170711_15.D,7/11/2017 21:50,FALSE,gcms_fid,Target,,,,,0.00025
4,6,1-17-03459-001,alphaPinene,0.003408338,5.112507161,1,HCT,D:\MassHunter\GCMS\Terpenes\2017\July\20170711,20170711_16.D,7/11/2017 22:05,FALSE,gcms_fid,Target,,,,,0.00025
4,14,1-17-03459-001,Camphene,0.000332411,0.498616983,1,HCT,D:\MassHunter\GCMS\Terpenes\2017\July\20170711,20170711_16.D,7/11/2017 22:05,FALSE,gcms_fid,Target,,,,,0.00025
4,25,1-17-03459-001,betaMyrcene,0.055648012,83.47201803,1,HCT,D:\MassHunter\GCMS\Terpenes\2017\July\20170711,20170711_16.D,7/11/2017 22:05,FALSE,gcms_fid,Target,,,,High,0.00025
4,26,1-17-03459-001,betaPinene,0.003158079,4.737117829,1,HCT,D:\MassHunter\GCMS\Terpenes\2017\July\20170711,20170711_16.D,7/11/2017 22:05,FALSE,gcms_fid,Target,,,,,0.00025
4,27,1-17-03459-001,delta3Carene,0.000146856,0.220283762,1,HCT,D:\MassHunter\GCMS\Terpenes\2017\July\20170711,20170711_16.D,7/11/2017 22:05,FALSE,gcms_fid,Target,,,,Low,0.00025
4,28,1-17-03459-001,alphaTerpinene,0.000174487,0.261731231,1,HCT,D:\MassHunter\GCMS\Terpenes\2017\July\20170711,20170711_16.D,7/11/2017 22:05,FALSE,gcms_fid,Target,,,,Low,0.00025
4,29,1-17-03459-001,Limonene,0.007712933,11.56940006,1,HCT,D:\MassHunter\GCMS\Terpenes\2017\July\20170711,20170711_16.D,7/11/2017 22:05,FALSE,gcms_fid,Target,,,,,0.00025
4,30,1-17-03459-001,Ocimene2B,0.00378419,5.676285232,1,HCT,D:\MassHunter\GCMS\Terpenes\2017\July\20170711,20170711_16.D,7/11/2017 22:05,FALSE,gcms_fid,Target,,,,,0.00025
4,31,1-17-03459-001,pCymene,0.000105833,0.158749904,1,HCT,D:\MassHunter\GCMS\Terpenes\2017\July\20170711,20170711_16.D,7/11/2017 22:05,FALSE,gcms_fid,Target,,,,Low,0.00025
4,32,1-17-03459-001,Eucalyptol,9.71E-05,0.145585202,1,HCT,D:\MassHunter\GCMS\Terpenes\2017\July\20170711,20170711_16.D,7/11/2017 22:05,FALSE,gcms_fid,Target,,,,Low,0.00025
4,33,1-17-03459-001,gammaTerpinene,0.000126372,0.189557993,1,HCT,D:\MassHunter\GCMS\Terpenes\2017\July\20170711,20170711_16.D,7/11/2017 22:05,FALSE,gcms_fid,Target,,,,Low,0.00025
4,34,1-17-03459-001,Terpinolene,0.001020818,1.531226343,1,HCT,D:\MassHunter\GCMS\Terpenes\2017\July\20170711,20170711_16.D,7/11/2017 22:05,FALSE,gcms_fid,Target,,,,,0.00025
4,35,1-17-03459-001,Linalool,0.004656207,6.98431084,1,HCT,D:\MassHunter\GCMS\Terpenes\2017\July\20170711,20170711_16.D,7/11/2017 22:05,FALSE,gcms_fid,Target,,,,,0.00025
4,36,1-17-03459-001,Isopulegol,0.000169497,0.254245379,1,HCT,D:\MassHunter\GCMS\Terpenes\2017\July\20170711,20170711_16.D,7/11/2017 22:05,FALSE,gcms_fid,Target,,,,Low,0.00025
4,37,1-17-03459-001,Geraniol,0.000102956,0.154433333,1,HCT,D:\MassHunter\GCMS\Terpenes\2017\July\20170711,20170711_16.D,7/11/2017 22:05,FALSE,gcms_fid,Target,,,,Low,0.00025
4,38,1-17-03459-001,betaCaryophyllene,0.007993254,11.9898808,1,HCT,D:\MassHunter\GCMS\Terpenes\2017\July\20170711,20170711_16.D,7/11/2017 22:05,FALSE,gcms_fid,Target,,,,,0.00025
4,39,1-17-03459-001,alphaHumulene,0.002033554,3.050331659,1,HCT,D:\MassHunter\GCMS\Terpenes\2017\July\20170711,20170711_16.D,7/11/2017 22:05,FALSE,gcms_fid,Target,,,,,0.00025
4,40,1-17-03459-001,Nerolidol,0.000727589,1.091382936,1,HCT,D:\MassHunter\GCMS\Terpenes\2017\July\20170711,20170711_16.D,7/11/2017 22:05,FALSE,gcms_fid,Target,,,,,0.00025
4,41,1-17-03459-001,Guaiol,0.000732135,1.09820256,1,HCT,D:\MassHunter\GCMS\Terpenes\2017\July\20170711,20170711_16.D,7/11/2017 22:05,FALSE,gcms_fid,Target,,,,,0.00025
4,42,1-17-03459-001,Caryophylleneoxide,2.97E-05,0.04461535,1,HCT,D:\MassHunter\GCMS\Terpenes\2017\July\20170711,20170711_16.D,7/11/2017 22:05,FALSE,gcms_fid,Target,,,,Low,0.00025
4,43,1-17-03459-001,alphaBisabolol,3.83E-05,0.057497074,1,HCT,D:\MassHunter\GCMS\Terpenes\2017\July\20170711,20170711_16.D,7/11/2017 22:05,FALSE,gcms_fid,Target,,,,Low,0.00025
5,6,1-17-03462-001,alphaPinene,0.001342821,0.239789527,1,HCT,D:\MassHunter\GCMS\Terpenes\2017\July\20170711,20170711_17.D,7/11/2017 22:20,FALSE,gcms_fid,Target,,,,,0.00025
5,14,1-17-03462-001,Camphene,0.00035901,0.064108968,1,HCT,D:\MassHunter\GCMS\Terpenes\2017\July\20170711,20170711_17.D,7/11/2017 22:20,FALSE,gcms_fid,Target,,,,,0.00025
5,25,1-17-03462-001,betaMyrcene,0.003656877,0.653013797,1,HCT,D:\MassHunter\GCMS\Terpenes\2017\July\20170711,20170711_17.D,7/11/2017 22:20,FALSE,gcms_fid,Target,,,,,0.00025
5,26,1-17-03462-001,betaPinene,0.002148109,0.38359081,1,HCT,D:\MassHunter\GCMS\Terpenes\2017\July\20170711,20170711_17.D,7/11/2017 22:20,FALSE,gcms_fid,Target,,,,,0.00025
5,27,1-17-03462-001,delta3Carene,0.000143109,0.025555191,1,HCT,D:\MassHunter\GCMS\Terpenes\2017\July\20170711,20170711_17.D,7/11/2017 22:20,FALSE,gcms_fid,Target,,,,Low,0.00025
5,28,1-17-03462-001,alphaTerpinene,0.00010471,0.018698262,1,HCT,D:\MassHunter\GCMS\Terpenes\2017\July\20170711,20170711_17.D,7/11/2017 22:20,FALSE,gcms_fid,Target,,,,Low,0.00025
5,29,1-17-03462-001,Limonene,0.003523192,0.629141439,1,HCT,D:\MassHunter\GCMS\Terpenes\2017\July\20170711,20170711_17.D,7/11/2017 22:20,FALSE,gcms_fid,Target,,,,,0.00025
5,30,1-17-03462-001,Ocimene2B,0.000219798,0.039249667,1,HCT,D:\MassHunter\GCMS\Terpenes\2017\July\20170711,20170711_17.D,7/11/2017 22:20,FALSE,gcms_fid,Target,,,,Low,0.00025
5,31,1-17-03462-001,pCymene,3.94E-05,0.007034053,1,HCT,D:\MassHunter\GCMS\Terpenes\2017\July\20170711,20170711_17.D,7/11/2017 22:20,FALSE,gcms_fid,Target,,,,Low,0.00025
5,32,1-17-03462-001,Eucalyptol,0.000123816,0.022109935,1,HCT,D:\MassHunter\GCMS\Terpenes\2017\July\20170711,20170711_17.D,7/11/2017 22:20,FALSE,gcms_fid,Target,,,,Low,0.00025
5,33,1-17-03462-001,gammaTerpinene,0.000111901,0.019982343,1,HCT,D:\MassHunter\GCMS\Terpenes\2017\July\20170711,20170711_17.D,7/11/2017 22:20,FALSE,gcms_fid,Target,,,,Low,0.00025
5,34,1-17-03462-001,Terpinolene,0.000769693,0.137445121,1,HCT,D:\MassHunter\GCMS\Terpenes\2017\July\20170711,20170711_17.D,7/11/2017 22:20,FALSE,gcms_fid,Target,,,,,0.00025
5,35,1-17-03462-001,Linalool,0.002672039,0.4771499,1,HCT,D:\MassHunter\GCMS\Terpenes\2017\July\20170711,20170711_17.D,7/11/2017 22:20,FALSE,gcms_fid,Target,,,,,0.00025
5,36,1-17-03462-001,Isopulegol,7.82E-05,0.013967186,1,HCT,D:\MassHunter\GCMS\Terpenes\2017\July\20170711,20170711_17.D,7/11/2017 22:20,FALSE,gcms_fid,Target,,,,Low,0.00025
5,37,1-17-03462-001,Geraniol,9.94E-05,0.017743095,1,HCT,D:\MassHunter\GCMS\Terpenes\2017\July\20170711,20170711_17.D,7/11/2017 22:20,FALSE,gcms_fid,Target,,,,Low,0.00025
5,38,1-17-03462-001,betaCaryophyllene,0.01305992,2.332128598,1,HCT,D:\MassHunter\GCMS\Terpenes\2017\July\20170711,20170711_17.D,7/11/2017 22:20,FALSE,gcms_fid,Target,,,,,0.00025
5,39,1-17-03462-001,alphaHumulene,0.003223258,0.575581834,1,HCT,D:\MassHunter\GCMS\Terpenes\2017\July\20170711,20170711_17.D,7/11/2017 22:20,FALSE,gcms_fid,Target,,,,,0.00025
5,40,1-17-03462-001,Nerolidol,0.000773369,0.138101638,1,HCT,D:\MassHunter\GCMS\Terpenes\2017\July\20170711,20170711_17.D,7/11/2017 22:20,FALSE,gcms_fid,Target,,,,,0.00025
5,41,1-17-03462-001,Guaiol,0,0,1,HCT,D:\MassHunter\GCMS\Terpenes\2017\July\20170711,20170711_17.D,7/11/2017 22:20,FALSE,gcms_fid,Target,,,,Low,0.00025
5,42,1-17-03462-001,Caryophylleneoxide,0.000113421,0.020253788,1,HCT,D:\MassHunter\GCMS\Terpenes\2017\July\20170711,20170711_17.D,7/11/2017 22:20,FALSE,gcms_fid,Target,,,,Low,0.00025
5,43,1-17-03462-001,alphaBisabolol,0.000123608,0.022072876,1,HCT,D:\MassHunter\GCMS\Terpenes\2017\July\20170711,20170711_17.D,7/11/2017 22:20,FALSE,gcms_fid,Target,,,,Low,0.00025
6,6,1-17-03463-001,alphaPinene,0.003341346,0.655165819,1,HCT,D:\MassHunter\GCMS\Terpenes\2017\July\20170711,20170711_18.D,7/11/2017 22:35,FALSE,gcms_fid,Target,,,,,0.00025
6,14,1-17-03463-001,Camphene,0.000191178,0.037485971,1,HCT,D:\MassHunter\GCMS\Terpenes\2017\July\20170711,20170711_18.D,7/11/2017 22:35,FALSE,gcms_fid,Target,,,,Low,0.00025
6,25,1-17-03463-001,betaMyrcene,0.003625889,0.71095858,1,HCT,D:\MassHunter\GCMS\Terpenes\2017\July\20170711,20170711_18.D,7/11/2017 22:35,FALSE,gcms_fid,Target,,,,,0.00025
6,26,1-17-03463-001,betaPinene,0.003268707,0.640922936,1,HCT,D:\MassHunter\GCMS\Terpenes\2017\July\20170711,20170711_18.D,7/11/2017 22:35,FALSE,gcms_fid,Target,,,,,0.00025
6,27,1-17-03463-001,delta3Carene,0.000981341,0.192419835,1,HCT,D:\MassHunter\GCMS\Terpenes\2017\July\20170711,20170711_18.D,7/11/2017 22:35,FALSE,gcms_fid,Target,,,,,0.00025
6,28,1-17-03463-001,alphaTerpinene,0.000446452,0.087539554,1,HCT,D:\MassHunter\GCMS\Terpenes\2017\July\20170711,20170711_18.D,7/11/2017 22:35,FALSE,gcms_fid,Target,,,,,0.00025
6,29,1-17-03463-001,Limonene,0.001420056,0.278442315,1,HCT,D:\MassHunter\GCMS\Terpenes\2017\July\20170711,20170711_18.D,7/11/2017 22:35,FALSE,gcms_fid,Target,,,,,0.00025
6,30,1-17-03463-001,Ocimene2B,0.001165887,0.228605246,1,HCT,D:\MassHunter\GCMS\Terpenes\2017\July\20170711,20170711_18.D,7/11/2017 22:35,FALSE,gcms_fid,Target,,,,,0.00025
6,31,1-17-03463-001,pCymene,5.85E-05,0.011478992,1,HCT,D:\MassHunter\GCMS\Terpenes\2017\July\20170711,20170711_18.D,7/11/2017 22:35,FALSE,gcms_fid,Target,,,,Low,0.00025
6,32,1-17-03463-001,Eucalyptol,0.000149203,0.029255515,1,HCT,D:\MassHunter\GCMS\Terpenes\2017\July\20170711,20170711_18.D,7/11/2017 22:35,FALSE,gcms_fid,Target,,,,Low,0.00025
6,33,1-17-03463-001,gammaTerpinene,0.000342324,0.067122322,1,HCT,D:\MassHunter\GCMS\Terpenes\2017\July\20170711,20170711_18.D,7/11/2017 22:35,FALSE,gcms_fid,Target,,,,,0.00025
6,34,1-17-03463-001,Terpinolene,0.006713962,1.316463142,1,HCT,D:\MassHunter\GCMS\Terpenes\2017\July\20170711,20170711_18.D,7/11/2017 22:35,FALSE,gcms_fid,Target,,,,,0.00025
6,35,1-17-03463-001,Linalool,0.001175335,0.230457881,1,HCT,D:\MassHunter\GCMS\Terpenes\2017\July\20170711,20170711_18.D,7/11/2017 22:35,FALSE,gcms_fid,Target,,,,,0.00025
6,36,1-17-03463-001,Isopulegol,0.000115531,0.022653198,1,HCT,D:\MassHunter\GCMS\Terpenes\2017\July\20170711,20170711_18.D,7/11/2017 22:35,FALSE,gcms_fid,Target,,,,Low,0.00025
6,37,1-17-03463-001,Geraniol,0.00012493,0.024496038,1,HCT,D:\MassHunter\GCMS\Terpenes\2017\July\20170711,20170711_18.D,7/11/2017 22:35,FALSE,gcms_fid,Target,,,,Low,0.00025
6,38,1-17-03463-001,betaCaryophyllene,0.005648091,1.107468779,1,HCT,D:\MassHunter\GCMS\Terpenes\2017\July\20170711,20170711_18.D,7/11/2017 22:35,FALSE,gcms_fid,Target,,,,,0.00025
6,39,1-17-03463-001,alphaHumulene,0.00152432,0.298886362,1,HCT,D:\MassHunter\GCMS\Terpenes\2017\July\20170711,20170711_18.D,7/11/2017 22:35,FALSE,gcms_fid,Target,,,,,0.00025
6,40,1-17-03463-001,Nerolidol,0.000581897,0.114097504,1,HCT,D:\MassHunter\GCMS\Terpenes\2017\July\20170711,20170711_18.D,7/11/2017 22:35,FALSE,gcms_fid,Target,,,,,0.00025
6,41,1-17-03463-001,Guaiol,9.29E-05,0.01821584,1,HCT,D:\MassHunter\GCMS\Terpenes\2017\July\20170711,20170711_18.D,7/11/2017 22:35,FALSE,gcms_fid,Target,,,,Low,0.00025
6,42,1-17-03463-001,Caryophylleneoxide,0.000128613,0.025218312,1,HCT,D:\MassHunter\GCMS\Terpenes\2017\July\20170711,20170711_18.D,7/11/2017 22:35,FALSE,gcms_fid,Target,,,,Low,0.00025
6,43,1-17-03463-001,alphaBisabolol,1.83E-05,0.003595045,1,HCT,D:\MassHunter\GCMS\Terpenes\2017\July\20170711,20170711_18.D,7/11/2017 22:35,FALSE,gcms_fid,Target,,,,Low,0.00025
7,6,1-17-03464-001,alphaPinene,,ND,1,HCT,D:\MassHunter\GCMS\Terpenes\2017\July\20170711,20170711_19.D,7/11/2017 22:50,FALSE,gcms_fid,Target,,,,,0.00025
7,14,1-17-03464-001,Camphene,,ND,1,HCT,D:\MassHunter\GCMS\Terpenes\2017\July\20170711,20170711_19.D,7/11/2017 22:50,FALSE,gcms_fid,Target,,,,,0.00025
7,25,1-17-03464-001,betaMyrcene,,ND,1,HCT,D:\MassHunter\GCMS\Terpenes\2017\July\20170711,20170711_19.D,7/11/2017 22:50,FALSE,gcms_fid,Target,,,,,0.00025
7,26,1-17-03464-001,betaPinene,1.21E-05,0.00754487,1,HCT,D:\MassHunter\GCMS\Terpenes\2017\July\20170711,20170711_19.D,7/11/2017 22:50,FALSE,gcms_fid,Target,,,,Low,0.00025
7,27,1-17-03464-001,delta3Carene,,ND,1,HCT,D:\MassHunter\GCMS\Terpenes\2017\July\20170711,20170711_19.D,7/11/2017 22:50,FALSE,gcms_fid,Target,,,,,0.00025
7,28,1-17-03464-001,alphaTerpinene,,ND,1,HCT,D:\MassHunter\GCMS\Terpenes\2017\July\20170711,20170711_19.D,7/11/2017 22:50,FALSE,gcms_fid,Target,,,,,0.00025
7,29,1-17-03464-001,Limonene,,ND,1,HCT,D:\MassHunter\GCMS\Terpenes\2017\July\20170711,20170711_19.D,7/11/2017 22:50,FALSE,gcms_fid,Target,,,,,0.00025
7,30,1-17-03464-001,Ocimene2B,,ND,1,HCT,D:\MassHunter\GCMS\Terpenes\2017\July\20170711,20170711_19.D,7/11/2017 22:50,FALSE,gcms_fid,Target,,,,,0.00025
7,31,1-17-03464-001,pCymene,,ND,1,HCT,D:\MassHunter\GCMS\Terpenes\2017\July\20170711,20170711_19.D,7/11/2017 22:50,FALSE,gcms_fid,Target,,,,,0.00025
7,32,1-17-03464-001,Eucalyptol,5.06E-05,0.031597206,1,HCT,D:\MassHunter\GCMS\Terpenes\2017\July\20170711,20170711_19.D,7/11/2017 22:50,FALSE,gcms_fid,Target,,,,Low,0.00025
7,33,1-17-03464-001,gammaTerpinene,,ND,1,HCT,D:\MassHunter\GCMS\Terpenes\2017\July\20170711,20170711_19.D,7/11/2017 22:50,FALSE,gcms_fid,Target,,,,,0.00025
7,34,1-17-03464-001,Terpinolene,,ND,1,HCT,D:\MassHunter\GCMS\Terpenes\2017\July\20170711,20170711_19.D,7/11/2017 22:50,FALSE,gcms_fid,Target,,,,,0.00025
7,35,1-17-03464-001,Linalool,4.69E-05,0.029338029,1,HCT,D:\MassHunter\GCMS\Terpenes\2017\July\20170711,20170711_19.D,7/11/2017 22:50,FALSE,gcms_fid,Target,,,,Low,0.00025
7,36,1-17-03464-001,Isopulegol,5.95E-05,0.037156994,1,HCT,D:\MassHunter\GCMS\Terpenes\2017\July\20170711,20170711_19.D,7/11/2017 22:50,FALSE,gcms_fid,Target,,,,Low,0.00025
7,37,1-17-03464-001,Geraniol,9.74E-05,0.060844681,1,HCT,D:\MassHunter\GCMS\Terpenes\2017\July\20170711,20170711_19.D,7/11/2017 22:50,FALSE,gcms_fid,Target,,,,Low,0.00025
7,38,1-17-03464-001,betaCaryophyllene,0,0,1,HCT,D:\MassHunter\GCMS\Terpenes\2017\July\20170711,20170711_19.D,7/11/2017 22:50,FALSE,gcms_fid,Target,,,,Low,0.00025
7,39,1-17-03464-001,alphaHumulene,0,0,1,HCT,D:\MassHunter\GCMS\Terpenes\2017\July\20170711,20170711_19.D,7/11/2017 22:50,FALSE,gcms_fid,Target,,,,Low,0.00025
7,40,1-17-03464-001,Nerolidol,1.85E-05,0.011565936,1,HCT,D:\MassHunter\GCMS\Terpenes\2017\July\20170711,20170711_19.D,7/11/2017 22:50,FALSE,gcms_fid,Target,,,,Low,0.00025
7,41,1-17-03464-001,Guaiol,0,0,1,HCT,D:\MassHunter\GCMS\Terpenes\2017\July\20170711,20170711_19.D,7/11/2017 22:50,FALSE,gcms_fid,Target,,,,Low,0.00025
7,42,1-17-03464-001,Caryophylleneoxide,2.11E-05,0.013174933,1,HCT,D:\MassHunter\GCMS\Terpenes\2017\July\20170711,20170711_19.D,7/11/2017 22:50,FALSE,gcms_fid,Target,,,,Low,0.00025
7,43,1-17-03464-001,alphaBisabolol,0,0,1,HCT,D:\MassHunter\GCMS\Terpenes\2017\July\20170711,20170711_19.D,7/11/2017 22:50,FALSE,gcms_fid,Target,,,,Low,0.00025
8,6,TRY-20170711-SE-0001-R001,alphaPinene,0.000864083,0.864083236,1,HCT,D:\MassHunter\GCMS\Terpenes\2017\July\20170711,20170711_20.D,7/11/2017 23:05,FALSE,gcms_fid,Target,,,,,0.00025
8,14,TRY-20170711-SE-0001-R001,Camphene,0.000112615,0.112614876,1,HCT,D:\MassHunter\GCMS\Terpenes\2017\July\20170711,20170711_20.D,7/11/2017 23:05,FALSE,gcms_fid,Target,,,,Low,0.00025
8,25,TRY-20170711-SE-0001-R001,betaMyrcene,0.002476153,2.476153112,1,HCT,D:\MassHunter\GCMS\Terpenes\2017\July\20170711,20170711_20.D,7/11/2017 23:05,FALSE,gcms_fid,Target,,,,,0.00025
8,26,TRY-20170711-SE-0001-R001,betaPinene,0.001321423,1.321422571,1,HCT,D:\MassHunter\GCMS\Terpenes\2017\July\20170711,20170711_20.D,7/11/2017 23:05,FALSE,gcms_fid,Target,,,,,0.00025
8,27,TRY-20170711-SE-0001-R001,delta3Carene,0.000620986,0.620986472,1,HCT,D:\MassHunter\GCMS\Terpenes\2017\July\20170711,20170711_20.D,7/11/2017 23:05,FALSE,gcms_fid,Target,,,,,0.00025
8,28,TRY-20170711-SE-0001-R001,alphaTerpinene,0.000369223,0.369222704,1,HCT,D:\MassHunter\GCMS\Terpenes\2017\July\20170711,20170711_20.D,7/11/2017 23:05,FALSE,gcms_fid,Target,,,,,0.00025
8,29,TRY-20170711-SE-0001-R001,Limonene,0.001632473,1.632473109,1,HCT,D:\MassHunter\GCMS\Terpenes\2017\July\20170711,20170711_20.D,7/11/2017 23:05,FALSE,gcms_fid,Target,,,,,0.00025
8,30,TRY-20170711-SE-0001-R001,Ocimene2B,0.00212843,2.128429686,1,HCT,D:\MassHunter\GCMS\Terpenes\2017\July\20170711,20170711_20.D,7/11/2017 23:05,FALSE,gcms_fid,Target,,,,,0.00025
8,31,TRY-20170711-SE-0001-R001,pCymene,9.17E-05,0.091718436,1,HCT,D:\MassHunter\GCMS\Terpenes\2017\July\20170711,20170711_20.D,7/11/2017 23:05,FALSE,gcms_fid,Target,,,,Low,0.00025
8,32,TRY-20170711-SE-0001-R001,Eucalyptol,0.000167902,0.167902424,1,HCT,D:\MassHunter\GCMS\Terpenes\2017\July\20170711,20170711_20.D,7/11/2017 23:05,FALSE,gcms_fid,Target,,,,Low,0.00025
8,33,TRY-20170711-SE-0001-R001,gammaTerpinene,0.000508464,0.508463928,1,HCT,D:\MassHunter\GCMS\Terpenes\2017\July\20170711,20170711_20.D,7/11/2017 23:05,FALSE,gcms_fid,Target,,,,,0.00025
8,34,TRY-20170711-SE-0001-R001,Terpinolene,0.006597012,6.597012446,1,HCT,D:\MassHunter\GCMS\Terpenes\2017\July\20170711,20170711_20.D,7/11/2017 23:05,FALSE,gcms_fid,Target,,,,,0.00025
8,35,TRY-20170711-SE-0001-R001,Linalool,0.000702972,0.702972111,1,HCT,D:\MassHunter\GCMS\Terpenes\2017\July\20170711,20170711_20.D,7/11/2017 23:05,FALSE,gcms_fid,Target,,,,,0.00025
8,36,TRY-20170711-SE-0001-R001,Isopulegol,0.00046863,0.468629577,1,HCT,D:\MassHunter\GCMS\Terpenes\2017\July\20170711,20170711_20.D,7/11/2017 23:05,FALSE,gcms_fid,Target,,,,,0.00025
8,37,TRY-20170711-SE-0001-R001,Geraniol,0.000263581,0.263580808,1,HCT,D:\MassHunter\GCMS\Terpenes\2017\July\20170711,20170711_20.D,7/11/2017 23:05,FALSE,gcms_fid,Target,,,,,0.00025
8,38,TRY-20170711-SE-0001-R001,betaCaryophyllene,0.003443199,3.443198613,1,HCT,D:\MassHunter\GCMS\Terpenes\2017\July\20170711,20170711_20.D,7/11/2017 23:05,FALSE,gcms_fid,Target,,,,,0.00025
8,39,TRY-20170711-SE-0001-R001,alphaHumulene,0.000853531,0.853530743,1,HCT,D:\MassHunter\GCMS\Terpenes\2017\July\20170711,20170711_20.D,7/11/2017 23:05,FALSE,gcms_fid,Target,,,,,0.00025
8,40,TRY-20170711-SE-0001-R001,Nerolidol,0.000400352,0.400351535,1,HCT,D:\MassHunter\GCMS\Terpenes\2017\July\20170711,20170711_20.D,7/11/2017 23:05,FALSE,gcms_fid,Target,,,,,0.00025
8,41,TRY-20170711-SE-0001-R001,Guaiol,0,0,1,HCT,D:\MassHunter\GCMS\Terpenes\2017\July\20170711,20170711_20.D,7/11/2017 23:05,FALSE,gcms_fid,Target,,,,Low,0.00025
8,42,TRY-20170711-SE-0001-R001,Caryophylleneoxide,0.000151093,0.151093479,1,HCT,D:\MassHunter\GCMS\Terpenes\2017\July\20170711,20170711_20.D,7/11/2017 23:05,FALSE,gcms_fid,Target,,,,Low,0.00025
8,43,TRY-20170711-SE-0001-R001,alphaBisabolol,4.24E-06,0.004243442,1,HCT,D:\MassHunter\GCMS\Terpenes\2017\July\20170711,20170711_20.D,7/11/2017 23:05,FALSE,gcms_fid,Target,,,,Low,0.00025
9,6,1-17-03466-001,alphaPinene,0.001002442,0.716029776,1,HCT,D:\MassHunter\GCMS\Terpenes\2017\July\20170711,20170711_21.D,7/11/2017 23:20,FALSE,gcms_fid,Target,,,,,0.00025
9,14,1-17-03466-001,Camphene,7.59E-05,0.054224896,1,HCT,D:\MassHunter\GCMS\Terpenes\2017\July\20170711,20170711_21.D,7/11/2017 23:20,FALSE,gcms_fid,Target,,,,Low,0.00025
9,25,1-17-03466-001,betaMyrcene,0.01361968,9.728342941,1,HCT,D:\MassHunter\GCMS\Terpenes\2017\July\20170711,20170711_21.D,7/11/2017 23:20,FALSE,gcms_fid,Target,,,,,0.00025
9,26,1-17-03466-001,betaPinene,0.000659824,0.471302698,1,HCT,D:\MassHunter\GCMS\Terpenes\2017\July\20170711,20170711_21.D,7/11/2017 23:20,FALSE,gcms_fid,Target,,,,,0.00025
9,27,1-17-03466-001,delta3Carene,6.28E-05,0.044868772,1,HCT,D:\MassHunter\GCMS\Terpenes\2017\July\20170711,20170711_21.D,7/11/2017 23:20,FALSE,gcms_fid,Target,,,,Low,0.00025
9,28,1-17-03466-001,alphaTerpinene,7.22E-05,0.051565523,1,HCT,D:\MassHunter\GCMS\Terpenes\2017\July\20170711,20170711_21.D,7/11/2017 23:20,FALSE,gcms_fid,Target,,,,Low,0.00025
9,29,1-17-03466-001,Limonene,0.000338012,0.241437228,1,HCT,D:\MassHunter\GCMS\Terpenes\2017\July\20170711,20170711_21.D,7/11/2017 23:20,FALSE,gcms_fid,Target,,,,,0.00025
9,30,1-17-03466-001,Ocimene2B,0.00316608,2.261485857,1,HCT,D:\MassHunter\GCMS\Terpenes\2017\July\20170711,20170711_21.D,7/11/2017 23:20,FALSE,gcms_fid,Target,,,,,0.00025
9,31,1-17-03466-001,pCymene,4.46E-05,0.031869704,1,HCT,D:\MassHunter\GCMS\Terpenes\2017\July\20170711,20170711_21.D,7/11/2017 23:20,FALSE,gcms_fid,Target,,,,Low,0.00025
9,32,1-17-03466-001,Eucalyptol,7.34E-05,0.05243279,1,HCT,D:\MassHunter\GCMS\Terpenes\2017\July\20170711,20170711_21.D,7/11/2017 23:20,FALSE,gcms_fid,Target,,,,Low,0.00025
9,33,1-17-03466-001,gammaTerpinene,7.35E-05,0.05250946,1,HCT,D:\MassHunter\GCMS\Terpenes\2017\July\20170711,20170711_21.D,7/11/2017 23:20,FALSE,gcms_fid,Target,,,,Low,0.00025
9,34,1-17-03466-001,Terpinolene,0.000465413,0.332438016,1,HCT,D:\MassHunter\GCMS\Terpenes\2017\July\20170711,20170711_21.D,7/11/2017 23:20,FALSE,gcms_fid,Target,,,,,0.00025
9,35,1-17-03466-001,Linalool,0.002262807,1.616291006,1,HCT,D:\MassHunter\GCMS\Terpenes\2017\July\20170711,20170711_21.D,7/11/2017 23:20,FALSE,gcms_fid,Target,,,,,0.00025
9,36,1-17-03466-001,Isopulegol,0.000121774,0.086981274,1,HCT,D:\MassHunter\GCMS\Terpenes\2017\July\20170711,20170711_21.D,7/11/2017 23:20,FALSE,gcms_fid,Target,,,,Low,0.00025
9,37,1-17-03466-001,Geraniol,0.00010805,0.077178822,1,HCT,D:\MassHunter\GCMS\Terpenes\2017\July\20170711,20170711_21.D,7/11/2017 23:20,FALSE,gcms_fid,Target,,,,Low,0.00025
9,38,1-17-03466-001,betaCaryophyllene,0.001749485,1.249631859,1,HCT,D:\MassHunter\GCMS\Terpenes\2017\July\20170711,20170711_21.D,7/11/2017 23:20,FALSE,gcms_fid,Target,,,,,0.00025
9,39,1-17-03466-001,alphaHumulene,0.000543679,0.388341856,1,HCT,D:\MassHunter\GCMS\Terpenes\2017\July\20170711,20170711_21.D,7/11/2017 23:20,FALSE,gcms_fid,Target,,,,,0.00025
9,40,1-17-03466-001,Nerolidol,0.000433891,0.309921994,1,HCT,D:\MassHunter\GCMS\Terpenes\2017\July\20170711,20170711_21.D,7/11/2017 23:20,FALSE,gcms_fid,Target,,,,,0.00025
9,41,1-17-03466-001,Guaiol,0.000421881,0.301343877,1,HCT,D:\MassHunter\GCMS\Terpenes\2017\July\20170711,20170711_21.D,7/11/2017 23:20,FALSE,gcms_fid,Target,,,,,0.00025
9,42,1-17-03466-001,Caryophylleneoxide,3.80E-05,0.027113679,1,HCT,D:\MassHunter\GCMS\Terpenes\2017\July\20170711,20170711_21.D,7/11/2017 23:20,FALSE,gcms_fid,Target,,,,Low,0.00025
9,43,1-17-03466-001,alphaBisabolol,7.34E-06,0.005246175,1,HCT,D:\MassHunter\GCMS\Terpenes\2017\July\20170711,20170711_21.D,7/11/2017 23:20,FALSE,gcms_fid,Target,,,,Low,0.00025
10,6,1-17-03467-001,alphaPinene,0.003638362,1.653801039,1,HCT,D:\MassHunter\GCMS\Terpenes\2017\July\20170711,20170711_22.D,7/11/2017 23:35,FALSE,gcms_fid,Target,,,,,0.00025
10,14,1-17-03467-001,Camphene,0.000381463,0.173392086,1,HCT,D:\MassHunter\GCMS\Terpenes\2017\July\20170711,20170711_22.D,7/11/2017 23:35,FALSE,gcms_fid,Target,,,,,0.00025
10,25,1-17-03467-001,betaMyrcene,0.008640557,3.927525877,1,HCT,D:\MassHunter\GCMS\Terpenes\2017\July\20170711,20170711_22.D,7/11/2017 23:35,FALSE,gcms_fid,Target,,,,,0.00025
10,26,1-17-03467-001,betaPinene,0.005165057,2.347753294,1,HCT,D:\MassHunter\GCMS\Terpenes\2017\July\20170711,20170711_22.D,7/11/2017 23:35,FALSE,gcms_fid,Target,,,,,0.00025
10,27,1-17-03467-001,delta3Carene,0.002258285,1.026493314,1,HCT,D:\MassHunter\GCMS\Terpenes\2017\July\20170711,20170711_22.D,7/11/2017 23:35,FALSE,gcms_fid,Target,,,,,0.00025
10,28,1-17-03467-001,alphaTerpinene,0.001111335,0.505152475,1,HCT,D:\MassHunter\GCMS\Terpenes\2017\July\20170711,20170711_22.D,7/11/2017 23:35,FALSE,gcms_fid,Target,,,,,0.00025
10,29,1-17-03467-001,Limonene,0.006885269,3.129667762,1,HCT,D:\MassHunter\GCMS\Terpenes\2017\July\20170711,20170711_22.D,7/11/2017 23:35,FALSE,gcms_fid,Target,,,,,0.00025
10,30,1-17-03467-001,Ocimene2B,0.007340631,3.336650422,1,HCT,D:\MassHunter\GCMS\Terpenes\2017\July\20170711,20170711_22.D,7/11/2017 23:35,FALSE,gcms_fid,Target,,,,,0.00025
10,31,1-17-03467-001,pCymene,0.000228229,0.103740489,1,HCT,D:\MassHunter\GCMS\Terpenes\2017\July\20170711,20170711_22.D,7/11/2017 23:35,FALSE,gcms_fid,Target,,,,Low,0.00025
10,32,1-17-03467-001,Eucalyptol,0.00028326,0.128754336,1,HCT,D:\MassHunter\GCMS\Terpenes\2017\July\20170711,20170711_22.D,7/11/2017 23:35,FALSE,gcms_fid,Target,,,,,0.00025
10,33,1-17-03467-001,gammaTerpinene,0.00134048,0.609309277,1,HCT,D:\MassHunter\GCMS\Terpenes\2017\July\20170711,20170711_22.D,7/11/2017 23:35,FALSE,gcms_fid,Target,,,,,0.00025
10,34,1-17-03467-001,Terpinolene,0.021928622,9.967555346,1,HCT,D:\MassHunter\GCMS\Terpenes\2017\July\20170711,20170711_22.D,7/11/2017 23:35,FALSE,gcms_fid,Target,,,,,0.00025
10,35,1-17-03467-001,Linalool,0.00157471,0.715777255,1,HCT,D:\MassHunter\GCMS\Terpenes\2017\July\20170711,20170711_22.D,7/11/2017 23:35,FALSE,gcms_fid,Target,,,,,0.00025
10,36,1-17-03467-001,Isopulegol,0.000759973,0.345442393,1,HCT,D:\MassHunter\GCMS\Terpenes\2017\July\20170711,20170711_22.D,7/11/2017 23:35,FALSE,gcms_fid,Target,,,,,0.00025
10,37,1-17-03467-001,Geraniol,0.000321732,0.146241633,1,HCT,D:\MassHunter\GCMS\Terpenes\2017\July\20170711,20170711_22.D,7/11/2017 23:35,FALSE,gcms_fid,Target,,,,,0.00025
10,38,1-17-03467-001,betaCaryophyllene,0.007050054,3.204570123,1,HCT,D:\MassHunter\GCMS\Terpenes\2017\July\20170711,20170711_22.D,7/11/2017 23:35,FALSE,gcms_fid,Target,,,,,0.00025
10,39,1-17-03467-001,alphaHumulene,0.001650721,0.750327792,1,HCT,D:\MassHunter\GCMS\Terpenes\2017\July\20170711,20170711_22.D,7/11/2017 23:35,FALSE,gcms_fid,Target,,,,,0.00025
10,40,1-17-03467-001,Nerolidol,0.000791434,0.359742759,1,HCT,D:\MassHunter\GCMS\Terpenes\2017\July\20170711,20170711_22.D,7/11/2017 23:35,FALSE,gcms_fid,Target,,,,,0.00025
10,41,1-17-03467-001,Guaiol,0,0,1,HCT,D:\MassHunter\GCMS\Terpenes\2017\July\20170711,20170711_22.D,7/11/2017 23:35,FALSE,gcms_fid,Target,,,,Low,0.00025
10,42,1-17-03467-001,Caryophylleneoxide,3.00E-05,0.013643725,1,HCT,D:\MassHunter\GCMS\Terpenes\2017\July\20170711,20170711_22.D,7/11/2017 23:35,FALSE,gcms_fid,Target,,,,Low,0.00025
10,43,1-17-03467-001,alphaBisabolol,9.04E-05,0.041095904,1,HCT,D:\MassHunter\GCMS\Terpenes\2017\July\20170711,20170711_22.D,7/11/2017 23:35,FALSE,gcms_fid,Target,,,,Low,0.00025
11,6,1-17-03468-001,alphaPinene,0.000101383,0.084485912,1,HCT,D:\MassHunter\GCMS\Terpenes\2017\July\20170711,20170711_23.D,7/11/2017 23:50,FALSE,gcms_fid,Target,,,,Low,0.00025
11,14,1-17-03468-001,Camphene,4.27E-05,0.035542451,1,HCT,D:\MassHunter\GCMS\Terpenes\2017\July\20170711,20170711_23.D,7/11/2017 23:50,FALSE,gcms_fid,Target,,,,Low,0.00025
11,25,1-17-03468-001,betaMyrcene,0.000415374,0.346145394,1,HCT,D:\MassHunter\GCMS\Terpenes\2017\July\20170711,20170711_23.D,7/11/2017 23:50,FALSE,gcms_fid,Target,,,,,0.00025
11,26,1-17-03468-001,betaPinene,0.000124777,0.103981195,1,HCT,D:\MassHunter\GCMS\Terpenes\2017\July\20170711,20170711_23.D,7/11/2017 23:50,FALSE,gcms_fid,Target,,,,Low,0.00025
11,27,1-17-03468-001,delta3Carene,2.99E-05,0.024930061,1,HCT,D:\MassHunter\GCMS\Terpenes\2017\July\20170711,20170711_23.D,7/11/2017 23:50,FALSE,gcms_fid,Target,,,,Low,0.00025
11,28,1-17-03468-001,alphaTerpinene,5.03E-05,0.041904461,1,HCT,D:\MassHunter\GCMS\Terpenes\2017\July\20170711,20170711_23.D,7/11/2017 23:50,FALSE,gcms_fid,Target,,,,Low,0.00025
11,29,1-17-03468-001,Limonene,0.000667821,0.556517762,1,HCT,D:\MassHunter\GCMS\Terpenes\2017\July\20170711,20170711_23.D,7/11/2017 23:50,FALSE,gcms_fid,Target,,,,,0.00025
11,30,1-17-03468-001,Ocimene2B,8.18E-05,0.068205031,1,HCT,D:\MassHunter\GCMS\Terpenes\2017\July\20170711,20170711_23.D,7/11/2017 23:50,FALSE,gcms_fid,Target,,,,Low,0.00025
11,31,1-17-03468-001,pCymene,4.26E-05,0.035534941,1,HCT,D:\MassHunter\GCMS\Terpenes\2017\July\20170711,20170711_23.D,7/11/2017 23:50,FALSE,gcms_fid,Target,,,,Low,0.00025
11,32,1-17-03468-001,Eucalyptol,5.76E-05,0.048026795,1,HCT,D:\MassHunter\GCMS\Terpenes\2017\July\20170711,20170711_23.D,7/11/2017 23:50,FALSE,gcms_fid,Target,,,,Low,0.00025
11,33,1-17-03468-001,gammaTerpinene,5.07E-05,0.042286322,1,HCT,D:\MassHunter\GCMS\Terpenes\2017\July\20170711,20170711_23.D,7/11/2017 23:50,FALSE,gcms_fid,Target,,,,Low,0.00025
11,34,1-17-03468-001,Terpinolene,9.81E-05,0.081734711,1,HCT,D:\MassHunter\GCMS\Terpenes\2017\July\20170711,20170711_23.D,7/11/2017 23:50,FALSE,gcms_fid,Target,,,,Low,0.00025
11,35,1-17-03468-001,Linalool,0.004259116,3.549262994,1,HCT,D:\MassHunter\GCMS\Terpenes\2017\July\20170711,20170711_23.D,7/11/2017 23:50,FALSE,gcms_fid,Target,,,,,0.00025
11,36,1-17-03468-001,Isopulegol,0.000115057,0.095880462,1,HCT,D:\MassHunter\GCMS\Terpenes\2017\July\20170711,20170711_23.D,7/11/2017 23:50,FALSE,gcms_fid,Target,,,,Low,0.00025
11,37,1-17-03468-001,Geraniol,0.000293764,0.244802948,1,HCT,D:\MassHunter\GCMS\Terpenes\2017\July\20170711,20170711_23.D,7/11/2017 23:50,FALSE,gcms_fid,Target,,,,,0.00025
11,38,1-17-03468-001,betaCaryophyllene,0.010040391,8.366992669,1,HCT,D:\MassHunter\GCMS\Terpenes\2017\July\20170711,20170711_23.D,7/11/2017 23:50,FALSE,gcms_fid,Target,,,,,0.00025
11,39,1-17-03468-001,alphaHumulene,0.002802537,2.335447286,1,HCT,D:\MassHunter\GCMS\Terpenes\2017\July\20170711,20170711_23.D,7/11/2017 23:50,FALSE,gcms_fid,Target,,,,,0.00025
11,40,1-17-03468-001,Nerolidol,0.001307403,1.089502414,1,HCT,D:\MassHunter\GCMS\Terpenes\2017\July\20170711,20170711_23.D,7/11/2017 23:50,FALSE,gcms_fid,Target,,,,,0.00025
11,41,1-17-03468-001,Guaiol,5.75E-05,0.047930725,1,HCT,D:\MassHunter\GCMS\Terpenes\2017\July\20170711,20170711_23.D,7/11/2017 23:50,FALSE,gcms_fid,Target,,,,Low,0.00025
11,42,1-17-03468-001,Caryophylleneoxide,0.000334651,0.278876204,1,HCT,D:\MassHunter\GCMS\Terpenes\2017\July\20170711,20170711_23.D,7/11/2017 23:50,FALSE,gcms_fid,Target,,,,,0.00025
11,43,1-17-03468-001,alphaBisabolol,0.000325875,0.271562313,1,HCT,D:\MassHunter\GCMS\Terpenes\2017\July\20170711,20170711_23.D,7/11/2017 23:50,FALSE,gcms_fid,Target,,,,,0.00025
12,6,1-17-03469-001,alphaPinene,0.000191188,0.147067451,1,HCT,D:\MassHunter\GCMS\Terpenes\2017\July\20170711,20170711_24.D,7/12/2017 0:05,FALSE,gcms_fid,Target,,,,Low,0.00025
12,14,1-17-03469-001,Camphene,0.000104046,0.08003505,1,HCT,D:\MassHunter\GCMS\Terpenes\2017\July\20170711,20170711_24.D,7/12/2017 0:05,FALSE,gcms_fid,Target,,,,Low,0.00025
12,25,1-17-03469-001,betaMyrcene,0.000827573,0.63659445,1,HCT,D:\MassHunter\GCMS\Terpenes\2017\July\20170711,20170711_24.D,7/12/2017 0:05,FALSE,gcms_fid,Target,,,,,0.00025
12,26,1-17-03469-001,betaPinene,0.000219778,0.169060008,1,HCT,D:\MassHunter\GCMS\Terpenes\2017\July\20170711,20170711_24.D,7/12/2017 0:05,FALSE,gcms_fid,Target,,,,Low,0.00025
12,27,1-17-03469-001,delta3Carene,4.94E-05,0.038009197,1,HCT,D:\MassHunter\GCMS\Terpenes\2017\July\20170711,20170711_24.D,7/12/2017 0:05,FALSE,gcms_fid,Target,,,,Low,0.00025
12,28,1-17-03469-001,alphaTerpinene,6.61E-05,0.050834186,1,HCT,D:\MassHunter\GCMS\Terpenes\2017\July\20170711,20170711_24.D,7/12/2017 0:05,FALSE,gcms_fid,Target,,,,Low,0.00025
12,29,1-17-03469-001,Limonene,0.000260598,0.200459648,1,HCT,D:\MassHunter\GCMS\Terpenes\2017\July\20170711,20170711_24.D,7/12/2017 0:05,FALSE,gcms_fid,Target,,,,,0.00025
12,30,1-17-03469-001,Ocimene2B,0.000141574,0.10890342,1,HCT,D:\MassHunter\GCMS\Terpenes\2017\July\20170711,20170711_24.D,7/12/2017 0:05,FALSE,gcms_fid,Target,,,,Low,0.00025
12,31,1-17-03469-001,pCymene,5.61E-05,0.043139875,1,HCT,D:\MassHunter\GCMS\Terpenes\2017\July\20170711,20170711_24.D,7/12/2017 0:05,FALSE,gcms_fid,Target,,,,Low,0.00025
12,32,1-17-03469-001,Eucalyptol,7.46E-05,0.057379938,1,HCT,D:\MassHunter\GCMS\Terpenes\2017\July\20170711,20170711_24.D,7/12/2017 0:05,FALSE,gcms_fid,Target,,,,Low,0.00025
12,33,1-17-03469-001,gammaTerpinene,6.32E-05,0.048607973,1,HCT,D:\MassHunter\GCMS\Terpenes\2017\July\20170711,20170711_24.D,7/12/2017 0:05,FALSE,gcms_fid,Target,,,,Low,0.00025
12,34,1-17-03469-001,Terpinolene,0.000212109,0.163160937,1,HCT,D:\MassHunter\GCMS\Terpenes\2017\July\20170711,20170711_24.D,7/12/2017 0:05,FALSE,gcms_fid,Target,,,,Low,0.00025
12,35,1-17-03469-001,Linalool,0.001604025,1.23386576,1,HCT,D:\MassHunter\GCMS\Terpenes\2017\July\20170711,20170711_24.D,7/12/2017 0:05,FALSE,gcms_fid,Target,,,,,0.00025
12,36,1-17-03469-001,Isopulegol,8.25E-05,0.063425639,1,HCT,D:\MassHunter\GCMS\Terpenes\2017\July\20170711,20170711_24.D,7/12/2017 0:05,FALSE,gcms_fid,Target,,,,Low,0.00025
12,37,1-17-03469-001,Geraniol,0.000139613,0.107394873,1,HCT,D:\MassHunter\GCMS\Terpenes\2017\July\20170711,20170711_24.D,7/12/2017 0:05,FALSE,gcms_fid,Target,,,,Low,0.00025
12,38,1-17-03469-001,betaCaryophyllene,0.003630425,2.792634922,1,HCT,D:\MassHunter\GCMS\Terpenes\2017\July\20170711,20170711_24.D,7/12/2017 0:05,FALSE,gcms_fid,Target,,,,,0.00025
12,39,1-17-03469-001,alphaHumulene,0.000970862,0.746816634,1,HCT,D:\MassHunter\GCMS\Terpenes\2017\July\20170711,20170711_24.D,7/12/2017 0:05,FALSE,gcms_fid,Target,,,,,0.00025
12,40,1-17-03469-001,Nerolidol,0.000857543,0.65964819,1,HCT,D:\MassHunter\GCMS\Terpenes\2017\July\20170711,20170711_24.D,7/12/2017 0:05,FALSE,gcms_fid,Target,,,,,0.00025
12,41,1-17-03469-001,Guaiol,0,0,1,HCT,D:\MassHunter\GCMS\Terpenes\2017\July\20170711,20170711_24.D,7/12/2017 0:05,FALSE,gcms_fid,Target,,,,Low,0.00025
12,42,1-17-03469-001,Caryophylleneoxide,4.87E-05,0.037456604,1,HCT,D:\MassHunter\GCMS\Terpenes\2017\July\20170711,20170711_24.D,7/12/2017 0:05,FALSE,gcms_fid,Target,,,,Low,0.00025
12,43,1-17-03469-001,alphaBisabolol,0.000298461,0.22958534,1,HCT,D:\MassHunter\GCMS\Terpenes\2017\July\20170711,20170711_24.D,7/12/2017 0:05,FALSE,gcms_fid,Target,,,,,0.00025
13,6,1-17-03470-001,alphaPinene,0.00193049,1.286993511,1,HCT,D:\MassHunter\GCMS\Terpenes\2017\July\20170711,20170711_25.D,7/12/2017 0:20,FALSE,gcms_fid,Target,,,,,0.00025
13,14,1-17-03470-001,Camphene,0.000156899,0.104599234,1,HCT,D:\MassHunter\GCMS\Terpenes\2017\July\20170711,20170711_25.D,7/12/2017 0:20,FALSE,gcms_fid,Target,,,,Low,0.00025
13,25,1-17-03470-001,betaMyrcene,0.002601804,1.734536172,1,HCT,D:\MassHunter\GCMS\Terpenes\2017\July\20170711,20170711_25.D,7/12/2017 0:20,FALSE,gcms_fid,Target,,,,,0.00025
13,26,1-17-03470-001,betaPinene,0.002844874,1.896582918,1,HCT,D:\MassHunter\GCMS\Terpenes\2017\July\20170711,20170711_25.D,7/12/2017 0:20,FALSE,gcms_fid,Target,,,,,0.00025
13,27,1-17-03470-001,delta3Carene,0.001025298,0.683531946,1,HCT,D:\MassHunter\GCMS\Terpenes\2017\July\20170711,20170711_25.D,7/12/2017 0:20,FALSE,gcms_fid,Target,,,,,0.00025
13,28,1-17-03470-001,alphaTerpinene,0.000702036,0.468023738,1,HCT,D:\MassHunter\GCMS\Terpenes\2017\July\20170711,20170711_25.D,7/12/2017 0:20,FALSE,gcms_fid,Target,,,,,0.00025
13,29,1-17-03470-001,Limonene,0.000752452,0.501634389,1,HCT,D:\MassHunter\GCMS\Terpenes\2017\July\20170711,20170711_25.D,7/12/2017 0:20,FALSE,gcms_fid,Target,,,,,0.00025
13,30,1-17-03470-001,Ocimene2B,0.001275008,0.850005541,1,HCT,D:\MassHunter\GCMS\Terpenes\2017\July\20170711,20170711_25.D,7/12/2017 0:20,FALSE,gcms_fid,Target,,,,,0.00025
13,31,1-17-03470-001,pCymene,7.18E-05,0.047856472,1,HCT,D:\MassHunter\GCMS\Terpenes\2017\July\20170711,20170711_25.D,7/12/2017 0:20,FALSE,gcms_fid,Target,,,,Low,0.00025
13,32,1-17-03470-001,Eucalyptol,0.000343339,0.228892979,1,HCT,D:\MassHunter\GCMS\Terpenes\2017\July\20170711,20170711_25.D,7/12/2017 0:20,FALSE,gcms_fid,Target,,,,,0.00025
13,33,1-17-03470-001,gammaTerpinene,0.000923824,0.615882835,1,HCT,D:\MassHunter\GCMS\Terpenes\2017\July\20170711,20170711_25.D,7/12/2017 0:20,FALSE,gcms_fid,Target,,,,,0.00025
13,34,1-17-03470-001,Terpinolene,0.007220061,4.813374189,1,HCT,D:\MassHunter\GCMS\Terpenes\2017\July\20170711,20170711_25.D,7/12/2017 0:20,FALSE,gcms_fid,Target,,,,,0.00025
13,35,1-17-03470-001,Linalool,0.000846433,0.564288527,1,HCT,D:\MassHunter\GCMS\Terpenes\2017\July\20170711,20170711_25.D,7/12/2017 0:20,FALSE,gcms_fid,Target,,,,,0.00025
13,36,1-17-03470-001,Isopulegol,0.000175299,0.116865717,1,HCT,D:\MassHunter\GCMS\Terpenes\2017\July\20170711,20170711_25.D,7/12/2017 0:20,FALSE,gcms_fid,Target,,,,Low,0.00025
13,37,1-17-03470-001,Geraniol,0.000139979,0.093319281,1,HCT,D:\MassHunter\GCMS\Terpenes\2017\July\20170711,20170711_25.D,7/12/2017 0:20,FALSE,gcms_fid,Target,,,,Low,0.00025
13,38,1-17-03470-001,betaCaryophyllene,0.007844089,5.229392544,1,HCT,D:\MassHunter\GCMS\Terpenes\2017\July\20170711,20170711_25.D,7/12/2017 0:20,FALSE,gcms_fid,Target,,,,,0.00025
13,39,1-17-03470-001,alphaHumulene,0.001744861,1.163240965,1,HCT,D:\MassHunter\GCMS\Terpenes\2017\July\20170711,20170711_25.D,7/12/2017 0:20,FALSE,gcms_fid,Target,,,,,0.00025
13,40,1-17-03470-001,Nerolidol,0.000717011,0.478007593,1,HCT,D:\MassHunter\GCMS\Terpenes\2017\July\20170711,20170711_25.D,7/12/2017 0:20,FALSE,gcms_fid,Target,,,,,0.00025
13,41,1-17-03470-001,Guaiol,0.000112033,0.074688465,1,HCT,D:\MassHunter\GCMS\Terpenes\2017\July\20170711,20170711_25.D,7/12/2017 0:20,FALSE,gcms_fid,Target,,,,Low,0.00025
13,42,1-17-03470-001,Caryophylleneoxide,0.000148614,0.099075895,1,HCT,D:\MassHunter\GCMS\Terpenes\2017\July\20170711,20170711_25.D,7/12/2017 0:20,FALSE,gcms_fid,Target,,,,Low,0.00025
13,43,1-17-03470-001,alphaBisabolol,0.000325649,0.217099294,1,HCT,D:\MassHunter\GCMS\Terpenes\2017\July\20170711,20170711_25.D,7/12/2017 0:20,FALSE,gcms_fid,Target,,,,,0.00025
14,6,1-17-03471-001,alphaPinene,0.003785539,1.802637802,1,HCT,D:\MassHunter\GCMS\Terpenes\2017\July\20170711,20170711_26.D,7/12/2017 0:35,FALSE,gcms_fid,Target,,,,,0.00025
14,14,1-17-03471-001,Camphene,0.000235835,0.112302349,1,HCT,D:\MassHunter\GCMS\Terpenes\2017\July\20170711,20170711_26.D,7/12/2017 0:35,FALSE,gcms_fid,Target,,,,Low,0.00025
14,25,1-17-03471-001,betaMyrcene,0.01066645,5.079261934,1,HCT,D:\MassHunter\GCMS\Terpenes\2017\July\20170711,20170711_26.D,7/12/2017 0:35,FALSE,gcms_fid,Target,,,,,0.00025
14,26,1-17-03471-001,betaPinene,0.002178126,1.03720269,1,HCT,D:\MassHunter\GCMS\Terpenes\2017\July\20170711,20170711_26.D,7/12/2017 0:35,FALSE,gcms_fid,Target,,,,,0.00025
14,27,1-17-03471-001,delta3Carene,4.72E-05,0.02248936,1,HCT,D:\MassHunter\GCMS\Terpenes\2017\July\20170711,20170711_26.D,7/12/2017 0:35,FALSE,gcms_fid,Target,,,,Low,0.00025
14,28,1-17-03471-001,alphaTerpinene,0.000123342,0.058734181,1,HCT,D:\MassHunter\GCMS\Terpenes\2017\July\20170711,20170711_26.D,7/12/2017 0:35,FALSE,gcms_fid,Target,,,,Low,0.00025
14,29,1-17-03471-001,Limonene,0.001740676,0.828893509,1,HCT,D:\MassHunter\GCMS\Terpenes\2017\July\20170711,20170711_26.D,7/12/2017 0:35,FALSE,gcms_fid,Target,,,,,0.00025
14,30,1-17-03471-001,Ocimene2B,0.001005917,0.479008301,1,HCT,D:\MassHunter\GCMS\Terpenes\2017\July\20170711,20170711_26.D,7/12/2017 0:35,FALSE,gcms_fid,Target,,,,,0.00025
14,31,1-17-03471-001,pCymene,4.49E-05,0.021400331,1,HCT,D:\MassHunter\GCMS\Terpenes\2017\July\20170711,20170711_26.D,7/12/2017 0:35,FALSE,gcms_fid,Target,,,,Low,0.00025
14,32,1-17-03471-001,Eucalyptol,0.000103025,0.049059436,1,HCT,D:\MassHunter\GCMS\Terpenes\2017\July\20170711,20170711_26.D,7/12/2017 0:35,FALSE,gcms_fid,Target,,,,Low,0.00025
14,33,1-17-03471-001,gammaTerpinene,9.37E-05,0.04464057,1,HCT,D:\MassHunter\GCMS\Terpenes\2017\July\20170711,20170711_26.D,7/12/2017 0:35,FALSE,gcms_fid,Target,,,,Low,0.00025
14,34,1-17-03471-001,Terpinolene,0.000141409,0.067337387,1,HCT,D:\MassHunter\GCMS\Terpenes\2017\July\20170711,20170711_26.D,7/12/2017 0:35,FALSE,gcms_fid,Target,,,,Low,0.00025
14,35,1-17-03471-001,Linalool,0.002010566,0.957412464,1,HCT,D:\MassHunter\GCMS\Terpenes\2017\July\20170711,20170711_26.D,7/12/2017 0:35,FALSE,gcms_fid,Target,,,,,0.00025
14,36,1-17-03471-001,Isopulegol,0.000308121,0.14672424,1,HCT,D:\MassHunter\GCMS\Terpenes\2017\July\20170711,20170711_26.D,7/12/2017 0:35,FALSE,gcms_fid,Target,,,,,0.00025
14,37,1-17-03471-001,Geraniol,0.000105018,0.050008739,1,HCT,D:\MassHunter\GCMS\Terpenes\2017\July\20170711,20170711_26.D,7/12/2017 0:35,FALSE,gcms_fid,Target,,,,Low,0.00025
14,38,1-17-03471-001,betaCaryophyllene,0.004957436,2.360683873,1,HCT,D:\MassHunter\GCMS\Terpenes\2017\July\20170711,20170711_26.D,7/12/2017 0:35,FALSE,gcms_fid,Target,,,,,0.00025
14,39,1-17-03471-001,alphaHumulene,0.001583217,0.753912963,1,HCT,D:\MassHunter\GCMS\Terpenes\2017\July\20170711,20170711_26.D,7/12/2017 0:35,FALSE,gcms_fid,Target,,,,,0.00025
14,40,1-17-03471-001,Nerolidol,0.000816544,0.388830258,1,HCT,D:\MassHunter\GCMS\Terpenes\2017\July\20170711,20170711_26.D,7/12/2017 0:35,FALSE,gcms_fid,Target,,,,,0.00025
14,41,1-17-03471-001,Guaiol,0.000189935,0.090445177,1,HCT,D:\MassHunter\GCMS\Terpenes\2017\July\20170711,20170711_26.D,7/12/2017 0:35,FALSE,gcms_fid,Target,,,,Low,0.00025
14,42,1-17-03471-001,Caryophylleneoxide,4.89E-05,0.023262399,1,HCT,D:\MassHunter\GCMS\Terpenes\2017\July\20170711,20170711_26.D,7/12/2017 0:35,FALSE,gcms_fid,Target,,,,Low,0.00025
14,43,1-17-03471-001,alphaBisabolol,0.000100081,0.047657709,1,HCT,D:\MassHunter\GCMS\Terpenes\2017\July\20170711,20170711_26.D,7/12/2017 0:35,FALSE,gcms_fid,Target,,,,Low,0.00025
15,6,1-17-03472-001,alphaPinene,0.000101597,0.092360841,1,HCT,D:\MassHunter\GCMS\Terpenes\2017\July\20170711,20170711_27.D,7/12/2017 0:50,FALSE,gcms_fid,Target,,,,Low,0.00025
15,14,1-17-03472-001,Camphene,5.19E-05,0.047179903,1,HCT,D:\MassHunter\GCMS\Terpenes\2017\July\20170711,20170711_27.D,7/12/2017 0:50,FALSE,gcms_fid,Target,,,,Low,0.00025
15,25,1-17-03472-001,betaMyrcene,0.000298634,0.271485397,1,HCT,D:\MassHunter\GCMS\Terpenes\2017\July\20170711,20170711_27.D,7/12/2017 0:50,FALSE,gcms_fid,Target,,,,,0.00025
15,26,1-17-03472-001,betaPinene,0.000171253,0.15568463,1,HCT,D:\MassHunter\GCMS\Terpenes\2017\July\20170711,20170711_27.D,7/12/2017 0:50,FALSE,gcms_fid,Target,,,,Low,0.00025
15,27,1-17-03472-001,delta3Carene,3.34E-05,0.030339982,1,HCT,D:\MassHunter\GCMS\Terpenes\2017\July\20170711,20170711_27.D,7/12/2017 0:50,FALSE,gcms_fid,Target,,,,Low,0.00025
15,28,1-17-03472-001,alphaTerpinene,4.96E-05,0.0451242,1,HCT,D:\MassHunter\GCMS\Terpenes\2017\July\20170711,20170711_27.D,7/12/2017 0:50,FALSE,gcms_fid,Target,,,,Low,0.00025
15,29,1-17-03472-001,Limonene,0.000581925,0.529022957,1,HCT,D:\MassHunter\GCMS\Terpenes\2017\July\20170711,20170711_27.D,7/12/2017 0:50,FALSE,gcms_fid,Target,,,,,0.00025
15,30,1-17-03472-001,Ocimene2B,8.34E-05,0.075855274,1,HCT,D:\MassHunter\GCMS\Terpenes\2017\July\20170711,20170711_27.D,7/12/2017 0:50,FALSE,gcms_fid,Target,,,,Low,0.00025
15,31,1-17-03472-001,pCymene,3.80E-05,0.034532108,1,HCT,D:\MassHunter\GCMS\Terpenes\2017\July\20170711,20170711_27.D,7/12/2017 0:50,FALSE,gcms_fid,Target,,,,Low,0.00025
15,32,1-17-03472-001,Eucalyptol,6.32E-05,0.057419245,1,HCT,D:\MassHunter\GCMS\Terpenes\2017\July\20170711,20170711_27.D,7/12/2017 0:50,FALSE,gcms_fid,Target,,,,Low,0.00025
15,33,1-17-03472-001,gammaTerpinene,5.64E-05,0.051295406,1,HCT,D:\MassHunter\GCMS\Terpenes\2017\July\20170711,20170711_27.D,7/12/2017 0:50,FALSE,gcms_fid,Target,,,,Low,0.00025
15,34,1-17-03472-001,Terpinolene,0.000100636,0.091487219,1,HCT,D:\MassHunter\GCMS\Terpenes\2017\July\20170711,20170711_27.D,7/12/2017 0:50,FALSE,gcms_fid,Target,,,,Low,0.00025
15,35,1-17-03472-001,Linalool,0.002444394,2.222176362,1,HCT,D:\MassHunter\GCMS\Terpenes\2017\July\20170711,20170711_27.D,7/12/2017 0:50,FALSE,gcms_fid,Target,,,,,0.00025
15,36,1-17-03472-001,Isopulegol,7.50E-05,0.068147736,1,HCT,D:\MassHunter\GCMS\Terpenes\2017\July\20170711,20170711_27.D,7/12/2017 0:50,FALSE,gcms_fid,Target,,,,Low,0.00025
15,37,1-17-03472-001,Geraniol,0.000104197,0.094724932,1,HCT,D:\MassHunter\GCMS\Terpenes\2017\July\20170711,20170711_27.D,7/12/2017 0:50,FALSE,gcms_fid,Target,,,,Low,0.00025
15,38,1-17-03472-001,betaCaryophyllene,0.014355247,13.05022436,1,HCT,D:\MassHunter\GCMS\Terpenes\2017\July\20170711,20170711_27.D,7/12/2017 0:50,FALSE,gcms_fid,Target,,,,,0.00025
15,39,1-17-03472-001,alphaHumulene,0.003850196,3.500178634,1,HCT,D:\MassHunter\GCMS\Terpenes\2017\July\20170711,20170711_27.D,7/12/2017 0:50,FALSE,gcms_fid,Target,,,,,0.00025
15,40,1-17-03472-001,Nerolidol,0.001614281,1.467527849,1,HCT,D:\MassHunter\GCMS\Terpenes\2017\July\20170711,20170711_27.D,7/12/2017 0:50,FALSE,gcms_fid,Target,,,,,0.00025
15,41,1-17-03472-001,Guaiol,4.96E-05,0.045110394,1,HCT,D:\MassHunter\GCMS\Terpenes\2017\July\20170711,20170711_27.D,7/12/2017 0:50,FALSE,gcms_fid,Target,,,,Low,0.00025
15,42,1-17-03472-001,Caryophylleneoxide,3.64E-05,0.03312264,1,HCT,D:\MassHunter\GCMS\Terpenes\2017\July\20170711,20170711_27.D,7/12/2017 0:50,FALSE,gcms_fid,Target,,,,Low,0.00025
15,43,1-17-03472-001,alphaBisabolol,0.001010311,0.918464486,1,HCT,D:\MassHunter\GCMS\Terpenes\2017\July\20170711,20170711_27.D,7/12/2017 0:50,FALSE,gcms_fid,Target,,,,,0.00025
16,6,1-17-03473-001,alphaPinene,0.000699085,0.499346767,1,HCT,D:\MassHunter\GCMS\Terpenes\2017\July\20170711,20170711_28.D,7/12/2017 1:05,FALSE,gcms_fid,Target,,,,,0.00025
16,14,1-17-03473-001,Camphene,0.000281284,0.200916861,1,HCT,D:\MassHunter\GCMS\Terpenes\2017\July\20170711,20170711_28.D,7/12/2017 1:05,FALSE,gcms_fid,Target,,,,,0.00025
16,25,1-17-03473-001,betaMyrcene,0.001465119,1.0465133,1,HCT,D:\MassHunter\GCMS\Terpenes\2017\July\20170711,20170711_28.D,7/12/2017 1:05,FALSE,gcms_fid,Target,,,,,0.00025
16,26,1-17-03473-001,betaPinene,0.001249424,0.892445899,1,HCT,D:\MassHunter\GCMS\Terpenes\2017\July\20170711,20170711_28.D,7/12/2017 1:05,FALSE,gcms_fid,Target,,,,,0.00025
16,27,1-17-03473-001,delta3Carene,3.77E-05,0.02689712,1,HCT,D:\MassHunter\GCMS\Terpenes\2017\July\20170711,20170711_28.D,7/12/2017 1:05,FALSE,gcms_fid,Target,,,,Low,0.00025
16,28,1-17-03473-001,alphaTerpinene,6.70E-05,0.047870219,1,HCT,D:\MassHunter\GCMS\Terpenes\2017\July\20170711,20170711_28.D,7/12/2017 1:05,FALSE,gcms_fid,Target,,,,Low,0.00025
16,29,1-17-03473-001,Limonene,0.001923347,1.373819638,1,HCT,D:\MassHunter\GCMS\Terpenes\2017\July\20170711,20170711_28.D,7/12/2017 1:05,FALSE,gcms_fid,Target,,,,,0.00025
16,30,1-17-03473-001,Ocimene2B,0.000121215,0.086582015,1,HCT,D:\MassHunter\GCMS\Terpenes\2017\July\20170711,20170711_28.D,7/12/2017 1:05,FALSE,gcms_fid,Target,,,,Low,0.00025
16,31,1-17-03473-001,pCymene,3.76E-05,0.026858437,1,HCT,D:\MassHunter\GCMS\Terpenes\2017\July\20170711,20170711_28.D,7/12/2017 1:05,FALSE,gcms_fid,Target,,,,Low,0.00025
16,32,1-17-03473-001,Eucalyptol,5.45E-05,0.038946389,1,HCT,D:\MassHunter\GCMS\Terpenes\2017\July\20170711,20170711_28.D,7/12/2017 1:05,FALSE,gcms_fid,Target,,,,Low,0.00025
16,33,1-17-03473-001,gammaTerpinene,6.56E-05,0.04683555,1,HCT,D:\MassHunter\GCMS\Terpenes\2017\July\20170711,20170711_28.D,7/12/2017 1:05,FALSE,gcms_fid,Target,,,,Low,0.00025
16,34,1-17-03473-001,Terpinolene,0.000125744,0.089817248,1,HCT,D:\MassHunter\GCMS\Terpenes\2017\July\20170711,20170711_28.D,7/12/2017 1:05,FALSE,gcms_fid,Target,,,,Low,0.00025
16,35,1-17-03473-001,Linalool,0.001690862,1.207758265,1,HCT,D:\MassHunter\GCMS\Terpenes\2017\July\20170711,20170711_28.D,7/12/2017 1:05,FALSE,gcms_fid,Target,,,,,0.00025
16,36,1-17-03473-001,Isopulegol,9.01E-05,0.064352336,1,HCT,D:\MassHunter\GCMS\Terpenes\2017\July\20170711,20170711_28.D,7/12/2017 1:05,FALSE,gcms_fid,Target,,,,Low,0.00025
16,37,1-17-03473-001,Geraniol,9.95E-05,0.071067565,1,HCT,D:\MassHunter\GCMS\Terpenes\2017\July\20170711,20170711_28.D,7/12/2017 1:05,FALSE,gcms_fid,Target,,,,Low,0.00025
16,38,1-17-03473-001,betaCaryophyllene,0.006908074,4.934338401,1,HCT,D:\MassHunter\GCMS\Terpenes\2017\July\20170711,20170711_28.D,7/12/2017 1:05,FALSE,gcms_fid,Target,,,,,0.00025
16,39,1-17-03473-001,alphaHumulene,0.001809331,1.29237944,1,HCT,D:\MassHunter\GCMS\Terpenes\2017\July\20170711,20170711_28.D,7/12/2017 1:05,FALSE,gcms_fid,Target,,,,,0.00025
16,40,1-17-03473-001,Nerolidol,0.000838203,0.598716714,1,HCT,D:\MassHunter\GCMS\Terpenes\2017\July\20170711,20170711_28.D,7/12/2017 1:05,FALSE,gcms_fid,Target,,,,,0.00025
16,41,1-17-03473-001,Guaiol,3.80E-05,0.027118543,1,HCT,D:\MassHunter\GCMS\Terpenes\2017\July\20170711,20170711_28.D,7/12/2017 1:05,FALSE,gcms_fid,Target,,,,Low,0.00025
16,42,1-17-03473-001,Caryophylleneoxide,0.000175005,0.125003812,1,HCT,D:\MassHunter\GCMS\Terpenes\2017\July\20170711,20170711_28.D,7/12/2017 1:05,FALSE,gcms_fid,Target,,,,Low,0.00025
16,43,1-17-03473-001,alphaBisabolol,0.000290198,0.207284394,1,HCT,D:\MassHunter\GCMS\Terpenes\2017\July\20170711,20170711_28.D,7/12/2017 1:05,FALSE,gcms_fid,Target,,,,,0.00025
17,6,1-17-03474-001,alphaPinene,0.005642574,3.761716081,1,HCT,D:\MassHunter\GCMS\Terpenes\2017\July\20170711,20170711_29.D,7/12/2017 1:20,FALSE,gcms_fid,Target,,,,,0.00025
17,14,1-17-03474-001,Camphene,0.001793581,1.195720711,1,HCT,D:\MassHunter\GCMS\Terpenes\2017\July\20170711,20170711_29.D,7/12/2017 1:20,FALSE,gcms_fid,Target,,,,,0.00025
17,25,1-17-03474-001,betaMyrcene,0.069900914,46.60060906,1,HCT,D:\MassHunter\GCMS\Terpenes\2017\July\20170711,20170711_29.D,7/12/2017 1:20,FALSE,gcms_fid,Target,,,,High,0.00025
17,26,1-17-03474-001,betaPinene,0.011826958,7.8846384,1,HCT,D:\MassHunter\GCMS\Terpenes\2017\July\20170711,20170711_29.D,7/12/2017 1:20,FALSE,gcms_fid,Target,,,,,0.00025
17,27,1-17-03474-001,delta3Carene,7.61E-05,0.050750116,1,HCT,D:\MassHunter\GCMS\Terpenes\2017\July\20170711,20170711_29.D,7/12/2017 1:20,FALSE,gcms_fid,Target,,,,Low,0.00025
17,28,1-17-03474-001,alphaTerpinene,0.000112868,0.075245611,1,HCT,D:\MassHunter\GCMS\Terpenes\2017\July\20170711,20170711_29.D,7/12/2017 1:20,FALSE,gcms_fid,Target,,,,Low,0.00025
17,29,1-17-03474-001,Limonene,0.050422613,33.61507516,1,HCT,D:\MassHunter\GCMS\Terpenes\2017\July\20170711,20170711_29.D,7/12/2017 1:20,FALSE,gcms_fid,Target,,,,High,0.00025
17,30,1-17-03474-001,Ocimene2B,0.000859846,0.573230406,1,HCT,D:\MassHunter\GCMS\Terpenes\2017\July\20170711,20170711_29.D,7/12/2017 1:20,FALSE,gcms_fid,Target,,,,,0.00025
17,31,1-17-03474-001,pCymene,0.000136513,0.0910085,1,HCT,D:\MassHunter\GCMS\Terpenes\2017\July\20170711,20170711_29.D,7/12/2017 1:20,FALSE,gcms_fid,Target,,,,Low,0.00025
17,32,1-17-03474-001,Eucalyptol,7.03E-05,0.046864254,1,HCT,D:\MassHunter\GCMS\Terpenes\2017\July\20170711,20170711_29.D,7/12/2017 1:20,FALSE,gcms_fid,Target,,,,Low,0.00025
17,33,1-17-03474-001,gammaTerpinene,0.000135611,0.090407145,1,HCT,D:\MassHunter\GCMS\Terpenes\2017\July\20170711,20170711_29.D,7/12/2017 1:20,FALSE,gcms_fid,Target,,,,Low,0.00025
17,34,1-17-03474-001,Terpinolene,0.001433291,0.955527523,1,HCT,D:\MassHunter\GCMS\Terpenes\2017\July\20170711,20170711_29.D,7/12/2017 1:20,FALSE,gcms_fid,Target,,,,,0.00025
17,35,1-17-03474-001,Linalool,0.015696207,10.4641379,1,HCT,D:\MassHunter\GCMS\Terpenes\2017\July\20170711,20170711_29.D,7/12/2017 1:20,FALSE,gcms_fid,Target,,,,,0.00025
17,36,1-17-03474-001,Isopulegol,0.000251786,0.167857353,1,HCT,D:\MassHunter\GCMS\Terpenes\2017\July\20170711,20170711_29.D,7/12/2017 1:20,FALSE,gcms_fid,Target,,,,,0.00025
17,37,1-17-03474-001,Geraniol,0.000833161,0.55544054,1,HCT,D:\MassHunter\GCMS\Terpenes\2017\July\20170711,20170711_29.D,7/12/2017 1:20,FALSE,gcms_fid,Target,,,,,0.00025
17,38,1-17-03474-001,betaCaryophyllene,0.013887301,9.258200862,1,HCT,D:\MassHunter\GCMS\Terpenes\2017\July\20170711,20170711_29.D,7/12/2017 1:20,FALSE,gcms_fid,Target,,,,,0.00025
17,39,1-17-03474-001,alphaHumulene,0.003074252,2.049501431,1,HCT,D:\MassHunter\GCMS\Terpenes\2017\July\20170711,20170711_29.D,7/12/2017 1:20,FALSE,gcms_fid,Target,,,,,0.00025
17,40,1-17-03474-001,Nerolidol,0.001062187,0.708124855,1,HCT,D:\MassHunter\GCMS\Terpenes\2017\July\20170711,20170711_29.D,7/12/2017 1:20,FALSE,gcms_fid,Target,,,,,0.00025
17,41,1-17-03474-001,Guaiol,1.13E-05,0.007528446,1,HCT,D:\MassHunter\GCMS\Terpenes\2017\July\20170711,20170711_29.D,7/12/2017 1:20,FALSE,gcms_fid,Target,,,,Low,0.00025
17,42,1-17-03474-001,Caryophylleneoxide,3.13E-05,0.02085921,1,HCT,D:\MassHunter\GCMS\Terpenes\2017\July\20170711,20170711_29.D,7/12/2017 1:20,FALSE,gcms_fid,Target,,,,Low,0.00025
17,43,1-17-03474-001,alphaBisabolol,0.000246569,0.164379038,1,HCT,D:\MassHunter\GCMS\Terpenes\2017\July\20170711,20170711_29.D,7/12/2017 1:20,FALSE,gcms_fid,Target,,,,Low,0.00025
18,6,1-17-03500-001,alphaPinene,0.000851303,0.173735354,1,HCT,D:\MassHunter\GCMS\Terpenes\2017\July\20170711,20170711_30.D,7/12/2017 1:35,FALSE,gcms_fid,Target,,,,,0.00025
18,14,1-17-03500-001,Camphene,0.00028692,0.058555126,1,HCT,D:\MassHunter\GCMS\Terpenes\2017\July\20170711,20170711_30.D,7/12/2017 1:35,FALSE,gcms_fid,Target,,,,,0.00025
18,25,1-17-03500-001,betaMyrcene,0.001321196,0.269631923,1,HCT,D:\MassHunter\GCMS\Terpenes\2017\July\20170711,20170711_30.D,7/12/2017 1:35,FALSE,gcms_fid,Target,,,,,0.00025
18,26,1-17-03500-001,betaPinene,0.008221089,1.677773257,1,HCT,D:\MassHunter\GCMS\Terpenes\2017\July\20170711,20170711_30.D,7/12/2017 1:35,FALSE,gcms_fid,Target,,,,,0.00025
18,27,1-17-03500-001,delta3Carene,3.56E-05,0.007261169,1,HCT,D:\MassHunter\GCMS\Terpenes\2017\July\20170711,20170711_30.D,7/12/2017 1:35,FALSE,gcms_fid,Target,,,,Low,0.00025
18,28,1-17-03500-001,alphaTerpinene,4.23E-05,0.008622459,1,HCT,D:\MassHunter\GCMS\Terpenes\2017\July\20170711,20170711_30.D,7/12/2017 1:35,FALSE,gcms_fid,Target,,,,Low,0.00025
18,29,1-17-03500-001,Limonene,0.002746635,0.560537722,1,HCT,D:\MassHunter\GCMS\Terpenes\2017\July\20170711,20170711_30.D,7/12/2017 1:35,FALSE,gcms_fid,Target,,,,,0.00025
18,30,1-17-03500-001,Ocimene2B,7.54E-05,0.015394432,1,HCT,D:\MassHunter\GCMS\Terpenes\2017\July\20170711,20170711_30.D,7/12/2017 1:35,FALSE,gcms_fid,Target,,,,Low,0.00025
18,31,1-17-03500-001,pCymene,5.60E-05,0.011418771,1,HCT,D:\MassHunter\GCMS\Terpenes\2017\July\20170711,20170711_30.D,7/12/2017 1:35,FALSE,gcms_fid,Target,,,,Low,0.00025
18,32,1-17-03500-001,Eucalyptol,7.45E-05,0.015207228,1,HCT,D:\MassHunter\GCMS\Terpenes\2017\July\20170711,20170711_30.D,7/12/2017 1:35,FALSE,gcms_fid,Target,,,,Low,0.00025
18,33,1-17-03500-001,gammaTerpinene,4.66E-05,0.009504518,1,HCT,D:\MassHunter\GCMS\Terpenes\2017\July\20170711,20170711_30.D,7/12/2017 1:35,FALSE,gcms_fid,Target,,,,Low,0.00025
18,34,1-17-03500-001,Terpinolene,9.15E-05,0.018673656,1,HCT,D:\MassHunter\GCMS\Terpenes\2017\July\20170711,20170711_30.D,7/12/2017 1:35,FALSE,gcms_fid,Target,,,,Low,0.00025
18,35,1-17-03500-001,Linalool,0.003221122,0.657371897,1,HCT,D:\MassHunter\GCMS\Terpenes\2017\July\20170711,20170711_30.D,7/12/2017 1:35,FALSE,gcms_fid,Target,,,,,0.00025
18,36,1-17-03500-001,Isopulegol,6.14E-05,0.012539076,1,HCT,D:\MassHunter\GCMS\Terpenes\2017\July\20170711,20170711_30.D,7/12/2017 1:35,FALSE,gcms_fid,Target,,,,Low,0.00025
18,37,1-17-03500-001,Geraniol,9.85E-05,0.020102598,1,HCT,D:\MassHunter\GCMS\Terpenes\2017\July\20170711,20170711_30.D,7/12/2017 1:35,FALSE,gcms_fid,Target,,,,Low,0.00025
18,38,1-17-03500-001,betaCaryophyllene,0.00505996,1.032644926,1,HCT,D:\MassHunter\GCMS\Terpenes\2017\July\20170711,20170711_30.D,7/12/2017 1:35,FALSE,gcms_fid,Target,,,,,0.00025
18,39,1-17-03500-001,alphaHumulene,0.00168161,0.343185738,1,HCT,D:\MassHunter\GCMS\Terpenes\2017\July\20170711,20170711_30.D,7/12/2017 1:35,FALSE,gcms_fid,Target,,,,,0.00025
18,40,1-17-03500-001,Nerolidol,0.000439135,0.089619436,1,HCT,D:\MassHunter\GCMS\Terpenes\2017\July\20170711,20170711_30.D,7/12/2017 1:35,FALSE,gcms_fid,Target,,,,,0.00025
18,41,1-17-03500-001,Guaiol,0,0,1,HCT,D:\MassHunter\GCMS\Terpenes\2017\July\20170711,20170711_30.D,7/12/2017 1:35,FALSE,gcms_fid,Target,,,,Low,0.00025
18,42,1-17-03500-001,Caryophylleneoxide,4.40E-05,0.008986552,1,HCT,D:\MassHunter\GCMS\Terpenes\2017\July\20170711,20170711_30.D,7/12/2017 1:35,FALSE,gcms_fid,Target,,,,Low,0.00025
18,43,1-17-03500-001,alphaBisabolol,4.50E-05,0.009193409,1,HCT,D:\MassHunter\GCMS\Terpenes\2017\July\20170711,20170711_30.D,7/12/2017 1:35,FALSE,gcms_fid,Target,,,,Low,0.00025
19,6,1-17-03501-001,alphaPinene,0.001386037,0.234921509,1,HCT,D:\MassHunter\GCMS\Terpenes\2017\July\20170711,20170711_31.D,7/12/2017 1:50,FALSE,gcms_fid,Target,,,,,0.00025
19,14,1-17-03501-001,Camphene,0.000416712,0.070629224,1,HCT,D:\MassHunter\GCMS\Terpenes\2017\July\20170711,20170711_31.D,7/12/2017 1:50,FALSE,gcms_fid,Target,,,,,0.00025
19,25,1-17-03501-001,betaMyrcene,0.004458539,0.755684514,1,HCT,D:\MassHunter\GCMS\Terpenes\2017\July\20170711,20170711_31.D,7/12/2017 1:50,FALSE,gcms_fid,Target,,,,,0.00025
19,26,1-17-03501-001,betaPinene,0.002399293,0.406659864,1,HCT,D:\MassHunter\GCMS\Terpenes\2017\July\20170711,20170711_31.D,7/12/2017 1:50,FALSE,gcms_fid,Target,,,,,0.00025
19,27,1-17-03501-001,delta3Carene,3.35E-05,0.005677822,1,HCT,D:\MassHunter\GCMS\Terpenes\2017\July\20170711,20170711_31.D,7/12/2017 1:50,FALSE,gcms_fid,Target,,,,Low,0.00025
19,28,1-17-03501-001,alphaTerpinene,3.27E-05,0.005545581,1,HCT,D:\MassHunter\GCMS\Terpenes\2017\July\20170711,20170711_31.D,7/12/2017 1:50,FALSE,gcms_fid,Target,,,,Low,0.00025
19,29,1-17-03501-001,Limonene,0.008319321,1.41005441,1,HCT,D:\MassHunter\GCMS\Terpenes\2017\July\20170711,20170711_31.D,7/12/2017 1:50,FALSE,gcms_fid,Target,,,,,0.00025
19,30,1-17-03501-001,Ocimene2B,0.000109916,0.018629805,1,HCT,D:\MassHunter\GCMS\Terpenes\2017\July\20170711,20170711_31.D,7/12/2017 1:50,FALSE,gcms_fid,Target,,,,Low,0.00025
19,31,1-17-03501-001,pCymene,3.61E-05,0.0061249,1,HCT,D:\MassHunter\GCMS\Terpenes\2017\July\20170711,20170711_31.D,7/12/2017 1:50,FALSE,gcms_fid,Target,,,,Low,0.00025
19,32,1-17-03501-001,Eucalyptol,0.000110161,0.018671335,1,HCT,D:\MassHunter\GCMS\Terpenes\2017\July\20170711,20170711_31.D,7/12/2017 1:50,FALSE,gcms_fid,Target,,,,Low,0.00025
19,33,1-17-03501-001,gammaTerpinene,5.41E-05,0.009162953,1,HCT,D:\MassHunter\GCMS\Terpenes\2017\July\20170711,20170711_31.D,7/12/2017 1:50,FALSE,gcms_fid,Target,,,,Low,0.00025
19,34,1-17-03501-001,Terpinolene,0.000176287,0.029879155,1,HCT,D:\MassHunter\GCMS\Terpenes\2017\July\20170711,20170711_31.D,7/12/2017 1:50,FALSE,gcms_fid,Target,,,,Low,0.00025
19,35,1-17-03501-001,Linalool,0.007569232,1.282920619,1,HCT,D:\MassHunter\GCMS\Terpenes\2017\July\20170711,20170711_31.D,7/12/2017 1:50,FALSE,gcms_fid,Target,,,,,0.00025
19,36,1-17-03501-001,Isopulegol,0.000112356,0.019043443,1,HCT,D:\MassHunter\GCMS\Terpenes\2017\July\20170711,20170711_31.D,7/12/2017 1:50,FALSE,gcms_fid,Target,,,,Low,0.00025
19,37,1-17-03501-001,Geraniol,0.000102175,0.017317833,1,HCT,D:\MassHunter\GCMS\Terpenes\2017\July\20170711,20170711_31.D,7/12/2017 1:50,FALSE,gcms_fid,Target,,,,Low,0.00025
19,38,1-17-03501-001,betaCaryophyllene,0.016607856,2.814890871,1,HCT,D:\MassHunter\GCMS\Terpenes\2017\July\20170711,20170711_31.D,7/12/2017 1:50,FALSE,gcms_fid,Target,,,,,0.00025
19,39,1-17-03501-001,alphaHumulene,0.005876727,0.99605537,1,HCT,D:\MassHunter\GCMS\Terpenes\2017\July\20170711,20170711_31.D,7/12/2017 1:50,FALSE,gcms_fid,Target,,,,,0.00025
19,40,1-17-03501-001,Nerolidol,0.001085407,0.183967278,1,HCT,D:\MassHunter\GCMS\Terpenes\2017\July\20170711,20170711_31.D,7/12/2017 1:50,FALSE,gcms_fid,Target,,,,,0.00025
19,41,1-17-03501-001,Guaiol,1.90E-06,0.00032177,1,HCT,D:\MassHunter\GCMS\Terpenes\2017\July\20170711,20170711_31.D,7/12/2017 1:50,FALSE,gcms_fid,Target,,,,Low,0.00025
19,42,1-17-03501-001,Caryophylleneoxide,0.000216164,0.036637962,1,HCT,D:\MassHunter\GCMS\Terpenes\2017\July\20170711,20170711_31.D,7/12/2017 1:50,FALSE,gcms_fid,Target,,,,Low,0.00025
19,43,1-17-03501-001,alphaBisabolol,0.000352998,0.059830141,1,HCT,D:\MassHunter\GCMS\Terpenes\2017\July\20170711,20170711_31.D,7/12/2017 1:50,FALSE,gcms_fid,Target,,,,,0.00025
20,6,1-17-03502-001,alphaPinene,0.001693767,0.292028736,1,HCT,D:\MassHunter\GCMS\Terpenes\2017\July\20170711,20170711_32.D,7/12/2017 2:05,FALSE,gcms_fid,Target,,,,,0.00025
20,14,1-17-03502-001,Camphene,0.00054558,0.094065534,1,HCT,D:\MassHunter\GCMS\Terpenes\2017\July\20170711,20170711_32.D,7/12/2017 2:05,FALSE,gcms_fid,Target,,,,,0.00025
20,25,1-17-03502-001,betaMyrcene,0.001699315,0.292985321,1,HCT,D:\MassHunter\GCMS\Terpenes\2017\July\20170711,20170711_32.D,7/12/2017 2:05,FALSE,gcms_fid,Target,,,,,0.00025
20,26,1-17-03502-001,betaPinene,0.002999985,0.517238844,1,HCT,D:\MassHunter\GCMS\Terpenes\2017\July\20170711,20170711_32.D,7/12/2017 2:05,FALSE,gcms_fid,Target,,,,,0.00025
20,27,1-17-03502-001,delta3Carene,3.37E-05,0.005803175,1,HCT,D:\MassHunter\GCMS\Terpenes\2017\July\20170711,20170711_32.D,7/12/2017 2:05,FALSE,gcms_fid,Target,,,,Low,0.00025
20,28,1-17-03502-001,alphaTerpinene,4.81E-05,0.00829962,1,HCT,D:\MassHunter\GCMS\Terpenes\2017\July\20170711,20170711_32.D,7/12/2017 2:05,FALSE,gcms_fid,Target,,,,Low,0.00025
20,29,1-17-03502-001,Limonene,0.006895044,1.188800625,1,HCT,D:\MassHunter\GCMS\Terpenes\2017\July\20170711,20170711_32.D,7/12/2017 2:05,FALSE,gcms_fid,Target,,,,,0.00025
20,30,1-17-03502-001,Ocimene2B,7.61E-05,0.013123065,1,HCT,D:\MassHunter\GCMS\Terpenes\2017\July\20170711,20170711_32.D,7/12/2017 2:05,FALSE,gcms_fid,Target,,,,Low,0.00025
20,31,1-17-03502-001,pCymene,7.92E-05,0.013653814,1,HCT,D:\MassHunter\GCMS\Terpenes\2017\July\20170711,20170711_32.D,7/12/2017 2:05,FALSE,gcms_fid,Target,,,,Low,0.00025
20,32,1-17-03502-001,Eucalyptol,0.000105505,0.018190594,1,HCT,D:\MassHunter\GCMS\Terpenes\2017\July\20170711,20170711_32.D,7/12/2017 2:05,FALSE,gcms_fid,Target,,,,Low,0.00025
20,33,1-17-03502-001,gammaTerpinene,4.89E-05,0.008424382,1,HCT,D:\MassHunter\GCMS\Terpenes\2017\July\20170711,20170711_32.D,7/12/2017 2:05,FALSE,gcms_fid,Target,,,,Low,0.00025
20,34,1-17-03502-001,Terpinolene,0.000144028,0.024832472,1,HCT,D:\MassHunter\GCMS\Terpenes\2017\July\20170711,20170711_32.D,7/12/2017 2:05,FALSE,gcms_fid,Target,,,,Low,0.00025
20,35,1-17-03502-001,Linalool,0.002948683,0.508393561,1,HCT,D:\MassHunter\GCMS\Terpenes\2017\July\20170711,20170711_32.D,7/12/2017 2:05,FALSE,gcms_fid,Target,,,,,0.00025
20,36,1-17-03502-001,Isopulegol,6.20E-05,0.010685521,1,HCT,D:\MassHunter\GCMS\Terpenes\2017\July\20170711,20170711_32.D,7/12/2017 2:05,FALSE,gcms_fid,Target,,,,Low,0.00025
20,37,1-17-03502-001,Geraniol,0.000142306,0.024535465,1,HCT,D:\MassHunter\GCMS\Terpenes\2017\July\20170711,20170711_32.D,7/12/2017 2:05,FALSE,gcms_fid,Target,,,,Low,0.00025
20,38,1-17-03502-001,betaCaryophyllene,0.008990457,1.550078871,1,HCT,D:\MassHunter\GCMS\Terpenes\2017\July\20170711,20170711_32.D,7/12/2017 2:05,FALSE,gcms_fid,Target,,,,,0.00025
20,39,1-17-03502-001,alphaHumulene,0.00216523,0.373315529,1,HCT,D:\MassHunter\GCMS\Terpenes\2017\July\20170711,20170711_32.D,7/12/2017 2:05,FALSE,gcms_fid,Target,,,,,0.00025
20,40,1-17-03502-001,Nerolidol,0.001413996,0.243792373,1,HCT,D:\MassHunter\GCMS\Terpenes\2017\July\20170711,20170711_32.D,7/12/2017 2:05,FALSE,gcms_fid,Target,,,,,0.00025
20,41,1-17-03502-001,Guaiol,0,0,1,HCT,D:\MassHunter\GCMS\Terpenes\2017\July\20170711,20170711_32.D,7/12/2017 2:05,FALSE,gcms_fid,Target,,,,Low,0.00025
20,42,1-17-03502-001,Caryophylleneoxide,5.87E-05,0.010117259,1,HCT,D:\MassHunter\GCMS\Terpenes\2017\July\20170711,20170711_32.D,7/12/2017 2:05,FALSE,gcms_fid,Target,,,,Low,0.00025
20,43,1-17-03502-001,alphaBisabolol,0.000656318,0.113158312,1,HCT,D:\MassHunter\GCMS\Terpenes\2017\July\20170711,20170711_32.D,7/12/2017 2:05,FALSE,gcms_fid,Target,,,,,0.00025
21,6,1-17-03503-001,alphaPinene,0.003346844,0.531245128,1,HCT,D:\MassHunter\GCMS\Terpenes\2017\July\20170711,20170711_33.D,7/12/2017 2:20,FALSE,gcms_fid,Target,,,,,0.00025
21,14,1-17-03503-001,Camphene,0.00106279,0.16869679,1,HCT,D:\MassHunter\GCMS\Terpenes\2017\July\20170711,20170711_33.D,7/12/2017 2:20,FALSE,gcms_fid,Target,,,,,0.00025
21,25,1-17-03503-001,betaMyrcene,0.012923351,2.05132557,1,HCT,D:\MassHunter\GCMS\Terpenes\2017\July\20170711,20170711_33.D,7/12/2017 2:20,FALSE,gcms_fid,Target,,,,,0.00025
21,26,1-17-03503-001,betaPinene,0.006300223,1.000035352,1,HCT,D:\MassHunter\GCMS\Terpenes\2017\July\20170711,20170711_33.D,7/12/2017 2:20,FALSE,gcms_fid,Target,,,,,0.00025
21,27,1-17-03503-001,delta3Carene,4.05E-05,0.006424893,1,HCT,D:\MassHunter\GCMS\Terpenes\2017\July\20170711,20170711_33.D,7/12/2017 2:20,FALSE,gcms_fid,Target,,,,Low,0.00025
21,28,1-17-03503-001,alphaTerpinene,6.13E-05,0.009722748,1,HCT,D:\MassHunter\GCMS\Terpenes\2017\July\20170711,20170711_33.D,7/12/2017 2:20,FALSE,gcms_fid,Target,,,,Low,0.00025
21,29,1-17-03503-001,Limonene,0.016938951,2.688722346,1,HCT,D:\MassHunter\GCMS\Terpenes\2017\July\20170711,20170711_33.D,7/12/2017 2:20,FALSE,gcms_fid,Target,,,,,0.00025
21,30,1-17-03503-001,Ocimene2B,0.000175709,0.027890326,1,HCT,D:\MassHunter\GCMS\Terpenes\2017\July\20170711,20170711_33.D,7/12/2017 2:20,FALSE,gcms_fid,Target,,,,Low,0.00025
21,31,1-17-03503-001,pCymene,3.59E-05,0.005692026,1,HCT,D:\MassHunter\GCMS\Terpenes\2017\July\20170711,20170711_33.D,7/12/2017 2:20,FALSE,gcms_fid,Target,,,,Low,0.00025
21,32,1-17-03503-001,Eucalyptol,5.53E-05,0.008781687,1,HCT,D:\MassHunter\GCMS\Terpenes\2017\July\20170711,20170711_33.D,7/12/2017 2:20,FALSE,gcms_fid,Target,,,,Low,0.00025
21,33,1-17-03503-001,gammaTerpinene,6.31E-05,0.010011234,1,HCT,D:\MassHunter\GCMS\Terpenes\2017\July\20170711,20170711_33.D,7/12/2017 2:20,FALSE,gcms_fid,Target,,,,Low,0.00025
21,34,1-17-03503-001,Terpinolene,0.00029551,0.046906314,1,HCT,D:\MassHunter\GCMS\Terpenes\2017\July\20170711,20170711_33.D,7/12/2017 2:20,FALSE,gcms_fid,Target,,,,,0.00025
21,35,1-17-03503-001,Linalool,0.010254516,1.627700986,1,HCT,D:\MassHunter\GCMS\Terpenes\2017\July\20170711,20170711_33.D,7/12/2017 2:20,FALSE,gcms_fid,Target,,,,,0.00025
21,36,1-17-03503-001,Isopulegol,7.56E-05,0.011994767,1,HCT,D:\MassHunter\GCMS\Terpenes\2017\July\20170711,20170711_33.D,7/12/2017 2:20,FALSE,gcms_fid,Target,,,,Low,0.00025
21,37,1-17-03503-001,Geraniol,0.000360508,0.057223565,1,HCT,D:\MassHunter\GCMS\Terpenes\2017\July\20170711,20170711_33.D,7/12/2017 2:20,FALSE,gcms_fid,Target,,,,,0.00025
21,38,1-17-03503-001,betaCaryophyllene,0.017580978,2.790631368,1,HCT,D:\MassHunter\GCMS\Terpenes\2017\July\20170711,20170711_33.D,7/12/2017 2:20,FALSE,gcms_fid,Target,,,,,0.00025
21,39,1-17-03503-001,alphaHumulene,0.004554976,0.723011997,1,HCT,D:\MassHunter\GCMS\Terpenes\2017\July\20170711,20170711_33.D,7/12/2017 2:20,FALSE,gcms_fid,Target,,,,,0.00025
21,40,1-17-03503-001,Nerolidol,0.00142055,0.225484069,1,HCT,D:\MassHunter\GCMS\Terpenes\2017\July\20170711,20170711_33.D,7/12/2017 2:20,FALSE,gcms_fid,Target,,,,,0.00025
21,41,1-17-03503-001,Guaiol,0,0,1,HCT,D:\MassHunter\GCMS\Terpenes\2017\July\20170711,20170711_33.D,7/12/2017 2:20,FALSE,gcms_fid,Target,,,,Low,0.00025
21,42,1-17-03503-001,Caryophylleneoxide,3.00E-05,0.004757062,1,HCT,D:\MassHunter\GCMS\Terpenes\2017\July\20170711,20170711_33.D,7/12/2017 2:20,FALSE,gcms_fid,Target,,,,Low,0.00025
21,43,1-17-03503-001,alphaBisabolol,0.000368936,0.058561216,1,HCT,D:\MassHunter\GCMS\Terpenes\2017\July\20170711,20170711_33.D,7/12/2017 2:20,FALSE,gcms_fid,Target,,,,,0.00025
22,6,1-17-03504-001,alphaPinene,0.001477825,0.307880248,1,HCT,D:\MassHunter\GCMS\Terpenes\2017\July\20170711,20170711_34.D,7/12/2017 2:35,FALSE,gcms_fid,Target,,,,,0.00025
22,14,1-17-03504-001,Camphene,0.000442919,0.092274817,1,HCT,D:\MassHunter\GCMS\Terpenes\2017\July\20170711,20170711_34.D,7/12/2017 2:35,FALSE,gcms_fid,Target,,,,,0.00025
22,25,1-17-03504-001,betaMyrcene,0.002232829,0.465172807,1,HCT,D:\MassHunter\GCMS\Terpenes\2017\July\20170711,20170711_34.D,7/12/2017 2:35,FALSE,gcms_fid,Target,,,,,0.00025
22,26,1-17-03504-001,betaPinene,0.002316851,0.482677232,1,HCT,D:\MassHunter\GCMS\Terpenes\2017\July\20170711,20170711_34.D,7/12/2017 2:35,FALSE,gcms_fid,Target,,,,,0.00025
22,27,1-17-03504-001,delta3Carene,3.41E-05,0.007099476,1,HCT,D:\MassHunter\GCMS\Terpenes\2017\July\20170711,20170711_34.D,7/12/2017 2:35,FALSE,gcms_fid,Target,,,,Low,0.00025
22,28,1-17-03504-001,alphaTerpinene,6.61E-05,0.013771404,1,HCT,D:\MassHunter\GCMS\Terpenes\2017\July\20170711,20170711_34.D,7/12/2017 2:35,FALSE,gcms_fid,Target,,,,Low,0.00025
22,29,1-17-03504-001,Limonene,0.005246075,1.092932264,1,HCT,D:\MassHunter\GCMS\Terpenes\2017\July\20170711,20170711_34.D,7/12/2017 2:35,FALSE,gcms_fid,Target,,,,,0.00025
22,30,1-17-03504-001,Ocimene2B,8.72E-05,0.018157983,1,HCT,D:\MassHunter\GCMS\Terpenes\2017\July\20170711,20170711_34.D,7/12/2017 2:35,FALSE,gcms_fid,Target,,,,Low,0.00025
22,31,1-17-03504-001,pCymene,3.65E-05,0.007608527,1,HCT,D:\MassHunter\GCMS\Terpenes\2017\July\20170711,20170711_34.D,7/12/2017 2:35,FALSE,gcms_fid,Target,,,,Low,0.00025
22,32,1-17-03504-001,Eucalyptol,0.000161903,0.033729748,1,HCT,D:\MassHunter\GCMS\Terpenes\2017\July\20170711,20170711_34.D,7/12/2017 2:35,FALSE,gcms_fid,Target,,,,Low,0.00025
22,33,1-17-03504-001,gammaTerpinene,6.30E-05,0.01312553,1,HCT,D:\MassHunter\GCMS\Terpenes\2017\July\20170711,20170711_34.D,7/12/2017 2:35,FALSE,gcms_fid,Target,,,,Low,0.00025
22,34,1-17-03504-001,Terpinolene,0.000129111,0.026898063,1,HCT,D:\MassHunter\GCMS\Terpenes\2017\July\20170711,20170711_34.D,7/12/2017 2:35,FALSE,gcms_fid,Target,,,,Low,0.00025
22,35,1-17-03504-001,Linalool,0.00837376,1.744533393,1,HCT,D:\MassHunter\GCMS\Terpenes\2017\July\20170711,20170711_34.D,7/12/2017 2:35,FALSE,gcms_fid,Target,,,,,0.00025
22,36,1-17-03504-001,Isopulegol,9.90E-05,0.020621445,1,HCT,D:\MassHunter\GCMS\Terpenes\2017\July\20170711,20170711_34.D,7/12/2017 2:35,FALSE,gcms_fid,Target,,,,Low,0.00025
22,37,1-17-03504-001,Geraniol,0.000172626,0.035963847,1,HCT,D:\MassHunter\GCMS\Terpenes\2017\July\20170711,20170711_34.D,7/12/2017 2:35,FALSE,gcms_fid,Target,,,,Low,0.00025
22,38,1-17-03504-001,betaCaryophyllene,0.015332741,3.194321103,1,HCT,D:\MassHunter\GCMS\Terpenes\2017\July\20170711,20170711_34.D,7/12/2017 2:35,FALSE,gcms_fid,Target,,,,,0.00025
22,39,1-17-03504-001,alphaHumulene,0.006017876,1.253724193,1,HCT,D:\MassHunter\GCMS\Terpenes\2017\July\20170711,20170711_34.D,7/12/2017 2:35,FALSE,gcms_fid,Target,,,,,0.00025
22,40,1-17-03504-001,Nerolidol,0.000790716,0.164732512,1,HCT,D:\MassHunter\GCMS\Terpenes\2017\July\20170711,20170711_34.D,7/12/2017 2:35,FALSE,gcms_fid,Target,,,,,0.00025
22,41,1-17-03504-001,Guaiol,4.35E-05,0.009053226,1,HCT,D:\MassHunter\GCMS\Terpenes\2017\July\20170711,20170711_34.D,7/12/2017 2:35,FALSE,gcms_fid,Target,,,,Low,0.00025
22,42,1-17-03504-001,Caryophylleneoxide,0.000248052,0.0516774,1,HCT,D:\MassHunter\GCMS\Terpenes\2017\July\20170711,20170711_34.D,7/12/2017 2:35,FALSE,gcms_fid,Target,,,,Low,0.00025
22,43,1-17-03504-001,alphaBisabolol,0.00040903,0.085214667,1,HCT,D:\MassHunter\GCMS\Terpenes\2017\July\20170711,20170711_34.D,7/12/2017 2:35,FALSE,gcms_fid,Target,,,,,0.00025
